OBJECTID_12,Join_Count,TARGET_FID,CT20,LABEL,NAME,SUP_NAME,DIST_SUP,CITYNAME_ALF,NAME_1,JURISDICTION,AREA_NUM,AREA_NAME,Shape__Area,Shape__Length
20,2,20,104105,1041.05,3RD SUP. DISTRICT,3RD DISTRICT: SHEILA KUEHL,3,LOS ANGELES,,INCORPORATED CITY,3,San Fernando Valley Planning Area,858384.08984375,4298.39651732659
21,2,21,104108,1041.08,3RD SUP. DISTRICT,3RD DISTRICT: SHEILA KUEHL,3,LOS ANGELES,,INCORPORATED CITY,3,San Fernando Valley Planning Area,1609878.3046875,7002.32712860498
23,1,23,104201,1042.01,3RD SUP. DISTRICT,3RD DISTRICT: SHEILA KUEHL,3,LOS ANGELES,,INCORPORATED CITY,3,San Fernando Valley Planning Area,1600779.58203125,5470.88639823026
24,1,24,104203,1042.03,3RD SUP. DISTRICT,3RD DISTRICT: SHEILA KUEHL,3,LOS ANGELES,,INCORPORATED CITY,3,San Fernando Valley Planning Area,1039483.90234375,4082.25037214934
26,1,26,104310,1043.10,3RD SUP. DISTRICT,3RD DISTRICT: SHEILA KUEHL,3,LOS ANGELES,,INCORPORATED CITY,3,San Fernando Valley Planning Area,2214855.19140625,7054.2464839749
27,1,27,104321,1043.21,3RD SUP. DISTRICT,3RD DISTRICT: SHEILA KUEHL,3,LOS ANGELES,,INCORPORATED CITY,3,San Fernando Valley Planning Area,763132.171875,3929.58398383563
28,1,28,104322,1043.22,3RD SUP. DISTRICT,3RD DISTRICT: SHEILA KUEHL,3,LOS ANGELES,,INCORPORATED CITY,3,San Fernando Valley Planning Area,1016349.70703125,5394.84585787781
29,1,29,104401,1044.01,3RD SUP. DISTRICT,3RD DISTRICT: SHEILA KUEHL,3,LOS ANGELES,,INCORPORATED CITY,3,San Fernando Valley Planning Area,999745.44140625,4589.25134630527
30,1,30,104403,1044.03,3RD SUP. DISTRICT,3RD DISTRICT: SHEILA KUEHL,3,LOS ANGELES,,INCORPORATED CITY,3,San Fernando Valley Planning Area,1017108.2734375,5936.15835835494
31,1,31,104404,1044.04,3RD SUP. DISTRICT,3RD DISTRICT: SHEILA KUEHL,3,LOS ANGELES,,INCORPORATED CITY,3,San Fernando Valley Planning Area,791998.23046875,4037.76168906612
32,1,32,104500,1045.00,3RD SUP. DISTRICT,3RD DISTRICT: SHEILA KUEHL,3,LOS ANGELES,,INCORPORATED CITY,3,San Fernando Valley Planning Area,779197.6875,4173.33528533746
33,1,33,104610,1046.10,3RD SUP. DISTRICT,3RD DISTRICT: SHEILA KUEHL,3,LOS ANGELES,,INCORPORATED CITY,3,San Fernando Valley Planning Area,869006.80078125,4283.90744111169
34,1,34,104620,1046.20,3RD SUP. DISTRICT,3RD DISTRICT: SHEILA KUEHL,3,LOS ANGELES,,INCORPORATED CITY,3,San Fernando Valley Planning Area,779486.57421875,4173.36868581829
35,1,35,104701,1047.01,3RD SUP. DISTRICT,3RD DISTRICT: SHEILA KUEHL,3,LOS ANGELES,,INCORPORATED CITY,3,San Fernando Valley Planning Area,808058.4921875,4097.84094867239
36,2,36,104703,1047.03,3RD SUP. DISTRICT,3RD DISTRICT: SHEILA KUEHL,3,LOS ANGELES,,INCORPORATED CITY,3,San Fernando Valley Planning Area,1714278.6640625,5648.18476844985
37,2,37,104704,1047.04,3RD SUP. DISTRICT,3RD DISTRICT: SHEILA KUEHL,3,LOS ANGELES,,INCORPORATED CITY,3,San Fernando Valley Planning Area,2440883.1328125,6250.26395978759
38,1,38,104821,1048.21,3RD SUP. DISTRICT,3RD DISTRICT: SHEILA KUEHL,3,LOS ANGELES,,INCORPORATED CITY,3,San Fernando Valley Planning Area,780206.03125,4173.47143952739
39,1,39,104822,1048.22,3RD SUP. DISTRICT,3RD DISTRICT: SHEILA KUEHL,3,LOS ANGELES,,INCORPORATED CITY,3,San Fernando Valley Planning Area,886628.65234375,5084.59911251239
40,1,40,104823,1048.23,3RD SUP. DISTRICT,3RD DISTRICT: SHEILA KUEHL,3,LOS ANGELES,,INCORPORATED CITY,3,San Fernando Valley Planning Area,779562.77734375,4173.06233833138
41,1,41,104824,1048.24,3RD SUP. DISTRICT,3RD DISTRICT: SHEILA KUEHL,3,LOS ANGELES,,INCORPORATED CITY,3,San Fernando Valley Planning Area,868662.84375,4283.61054888088
42,2,42,106010,1060.10,3RD SUP. DISTRICT,3RD DISTRICT: SHEILA KUEHL,3,LOS ANGELES,,INCORPORATED CITY,3,San Fernando Valley Planning Area,3700725.21875,8854.7185117048
43,2,43,106020,1060.20,3RD SUP. DISTRICT,3RD DISTRICT: SHEILA KUEHL,3,LOS ANGELES,,INCORPORATED CITY,3,San Fernando Valley Planning Area,2965683.12109375,8581.92802922897
44,2,44,106111,1061.11,3RD SUP. DISTRICT,3RD DISTRICT: SHEILA KUEHL,3,LOS ANGELES,,INCORPORATED CITY,3,San Fernando Valley Planning Area,4095242.76171875,10347.6594450494
45,2,45,106112,1061.12,3RD SUP. DISTRICT,3RD DISTRICT: SHEILA KUEHL,3,LOS ANGELES,,INCORPORATED CITY,3,San Fernando Valley Planning Area,4743069.05859375,18394.7135533344
46,1,46,106113,1061.13,3RD SUP. DISTRICT,3RD DISTRICT: SHEILA KUEHL,3,LOS ANGELES,,INCORPORATED CITY,3,San Fernando Valley Planning Area,2120675.984375,7326.53161942314
47,1,47,106114,1061.14,3RD SUP. DISTRICT,3RD DISTRICT: SHEILA KUEHL,3,LOS ANGELES,,INCORPORATED CITY,3,San Fernando Valley Planning Area,1490218.30859375,6367.6471206524
48,1,48,106403,1064.03,3RD SUP. DISTRICT,3RD DISTRICT: SHEILA KUEHL,3,LOS ANGELES,,INCORPORATED CITY,3,San Fernando Valley Planning Area,1624357.6171875,5283.37599296938
49,1,49,106405,1064.05,3RD SUP. DISTRICT,3RD DISTRICT: SHEILA KUEHL,3,LOS ANGELES,,INCORPORATED CITY,3,San Fernando Valley Planning Area,1721808.48828125,5354.96236345279
50,1,50,106406,1064.06,3RD SUP. DISTRICT,3RD DISTRICT: SHEILA KUEHL,3,LOS ANGELES,,INCORPORATED CITY,3,San Fernando Valley Planning Area,2959617.546875,7807.68513040117
51,1,51,106407,1064.07,3RD SUP. DISTRICT,3RD DISTRICT: SHEILA KUEHL,3,LOS ANGELES,,INCORPORATED CITY,3,San Fernando Valley Planning Area,341078.7421875,2348.34134715495
52,1,52,106408,1064.08,3RD SUP. DISTRICT,3RD DISTRICT: SHEILA KUEHL,3,LOS ANGELES,,INCORPORATED CITY,3,San Fernando Valley Planning Area,336598.67578125,2326.25987289594
53,2,53,106510,1065.10,3RD SUP. DISTRICT,3RD DISTRICT: SHEILA KUEHL,3,LOS ANGELES,,INCORPORATED CITY,2,San Fernando Valley Planning Area,8510516.91015625,13673.2973091432
54,1,54,106520,1065.20,3RD SUP. DISTRICT,3RD DISTRICT: SHEILA KUEHL,3,LOS ANGELES,,INCORPORATED CITY,3,San Fernando Valley Planning Area,3240995.08984375,7307.77014550156
55,2,55,106603,1066.03,3RD SUP. DISTRICT,3RD DISTRICT: SHEILA KUEHL,3,LOS ANGELES,,INCORPORATED CITY,2,San Fernando Valley Planning Area,15165717.0351563,17896.8230672074
56,1,56,106604,1066.04,3RD SUP. DISTRICT,3RD DISTRICT: SHEILA KUEHL,3,LOS ANGELES,,INCORPORATED CITY,3,San Fernando Valley Planning Area,3849639.1328125,9724.94170490191
57,1,57,106641,1066.41,3RD SUP. DISTRICT,3RD DISTRICT: SHEILA KUEHL,3,LOS ANGELES,,INCORPORATED CITY,3,San Fernando Valley Planning Area,1667911.48046875,7051.5825916594
58,1,58,106642,1066.42,3RD SUP. DISTRICT,3RD DISTRICT: SHEILA KUEHL,3,LOS ANGELES,,INCORPORATED CITY,3,San Fernando Valley Planning Area,2316654.265625,7528.67662657802
59,1,59,106643,1066.43,3RD SUP. DISTRICT,3RD DISTRICT: SHEILA KUEHL,3,LOS ANGELES,,INCORPORATED CITY,3,San Fernando Valley Planning Area,6372077.1875,12117.3279126579
60,1,60,106645,1066.45,3RD SUP. DISTRICT,3RD DISTRICT: SHEILA KUEHL,3,LOS ANGELES,,INCORPORATED CITY,3,San Fernando Valley Planning Area,3712567.953125,11169.1681052669
61,1,61,106646,1066.46,3RD SUP. DISTRICT,3RD DISTRICT: SHEILA KUEHL,3,LOS ANGELES,,INCORPORATED CITY,3,San Fernando Valley Planning Area,2167441.5546875,8662.07658625146
62,1,62,106648,1066.48,3RD SUP. DISTRICT,3RD DISTRICT: SHEILA KUEHL,3,LOS ANGELES,,INCORPORATED CITY,3,San Fernando Valley Planning Area,1164576.5234375,5043.8389426727
63,1,63,106649,1066.49,3RD SUP. DISTRICT,3RD DISTRICT: SHEILA KUEHL,3,LOS ANGELES,,INCORPORATED CITY,3,San Fernando Valley Planning Area,1634040.921875,7669.94942881364
64,1,64,107010,1070.10,3RD SUP. DISTRICT,3RD DISTRICT: SHEILA KUEHL,3,LOS ANGELES,,INCORPORATED CITY,3,San Fernando Valley Planning Area,1005791.76171875,4792.95987470886
65,1,65,107020,1070.20,3RD SUP. DISTRICT,3RD DISTRICT: SHEILA KUEHL,3,LOS ANGELES,,INCORPORATED CITY,3,San Fernando Valley Planning Area,1459988.95703125,5417.94225996579
66,1,66,108101,1081.01,3RD SUP. DISTRICT,3RD DISTRICT: SHEILA KUEHL,3,LOS ANGELES,,INCORPORATED CITY,3,San Fernando Valley Planning Area,1657090.828125,5417.49537991932
67,1,67,108102,1081.02,3RD SUP. DISTRICT,3RD DISTRICT: SHEILA KUEHL,3,LOS ANGELES,,INCORPORATED CITY,3,San Fernando Valley Planning Area,3206419.7109375,7003.11183486028
68,1,68,108103,1081.03,3RD SUP. DISTRICT,3RD DISTRICT: SHEILA KUEHL,3,LOS ANGELES,,INCORPORATED CITY,3,San Fernando Valley Planning Area,3766536.4765625,13531.7974507665
69,2,69,108104,1081.04,3RD SUP. DISTRICT,3RD DISTRICT: SHEILA KUEHL,3,LOS ANGELES,,INCORPORATED CITY,3,San Fernando Valley Planning Area,1213212.07421875,5450.2825179171
70,2,70,108202,1082.02,3RD SUP. DISTRICT,3RD DISTRICT: SHEILA KUEHL,3,LOS ANGELES,,INCORPORATED CITY,3,San Fernando Valley Planning Area,8780266.0625,13262.1175687398
71,2,71,108203,1082.03,3RD SUP. DISTRICT,3RD DISTRICT: SHEILA KUEHL,3,LOS ANGELES,,INCORPORATED CITY,3,San Fernando Valley Planning Area,2015622.3828125,6166.11913767222
72,1,72,108204,1082.04,3RD SUP. DISTRICT,3RD DISTRICT: SHEILA KUEHL,3,LOS ANGELES,,INCORPORATED CITY,3,San Fernando Valley Planning Area,2103618.80078125,8255.66432645041
73,1,73,109100,1091.00,3RD SUP. DISTRICT,3RD DISTRICT: SHEILA KUEHL,3,LOS ANGELES,,INCORPORATED CITY,3,San Fernando Valley Planning Area,3972685.0234375,9730.88963412501
74,1,74,109200,1092.00,3RD SUP. DISTRICT,3RD DISTRICT: SHEILA KUEHL,3,LOS ANGELES,,INCORPORATED CITY,3,San Fernando Valley Planning Area,1493036.90234375,5919.85863508751
75,1,75,109300,1093.00,3RD SUP. DISTRICT,3RD DISTRICT: SHEILA KUEHL,3,LOS ANGELES,,INCORPORATED CITY,3,San Fernando Valley Planning Area,1810110.86328125,6460.00683967594
76,1,76,109400,1094.00,3RD SUP. DISTRICT,3RD DISTRICT: SHEILA KUEHL,3,LOS ANGELES,,INCORPORATED CITY,3,San Fernando Valley Planning Area,1894762.75390625,6477.39003673291
77,1,77,109500,1095.00,3RD SUP. DISTRICT,3RD DISTRICT: SHEILA KUEHL,3,LOS ANGELES,,INCORPORATED CITY,3,San Fernando Valley Planning Area,1753589.71484375,7605.44918241706
78,1,78,109601,1096.01,3RD SUP. DISTRICT,3RD DISTRICT: SHEILA KUEHL,3,LOS ANGELES,,INCORPORATED CITY,3,San Fernando Valley Planning Area,3298812.7265625,7417.19145613221
79,1,79,109603,1096.03,3RD SUP. DISTRICT,3RD DISTRICT: SHEILA KUEHL,3,LOS ANGELES,,INCORPORATED CITY,3,San Fernando Valley Planning Area,1465720.2578125,4954.25342645453
80,1,80,109604,1096.04,3RD SUP. DISTRICT,3RD DISTRICT: SHEILA KUEHL,3,LOS ANGELES,,INCORPORATED CITY,3,San Fernando Valley Planning Area,1724265.8671875,5300.09542752787
81,1,81,109700,1097.00,3RD SUP. DISTRICT,3RD DISTRICT: SHEILA KUEHL,3,LOS ANGELES,,INCORPORATED CITY,3,San Fernando Valley Planning Area,2328919.53125,6623.21145711161
82,1,82,109800,1098.00,3RD SUP. DISTRICT,3RD DISTRICT: SHEILA KUEHL,3,LOS ANGELES,,INCORPORATED CITY,3,San Fernando Valley Planning Area,2053411.6484375,6116.7538654802
83,1,83,111100,1111.00,3RD SUP. DISTRICT,3RD DISTRICT: SHEILA KUEHL,3,LOS ANGELES,,INCORPORATED CITY,3,San Fernando Valley Planning Area,1554810.8203125,5005.30560988517
84,1,84,111201,1112.01,3RD SUP. DISTRICT,3RD DISTRICT: SHEILA KUEHL,3,LOS ANGELES,,INCORPORATED CITY,3,San Fernando Valley Planning Area,2808145.1953125,9293.31713759791
85,1,85,111202,1112.02,3RD SUP. DISTRICT,3RD DISTRICT: SHEILA KUEHL,3,LOS ANGELES,,INCORPORATED CITY,3,San Fernando Valley Planning Area,2740025.453125,7658.18018338638
86,1,86,111204,1112.04,3RD SUP. DISTRICT,3RD DISTRICT: SHEILA KUEHL,3,LOS ANGELES,,INCORPORATED CITY,3,San Fernando Valley Planning Area,4859741.2421875,9582.18296968593
87,1,87,111205,1112.05,3RD SUP. DISTRICT,3RD DISTRICT: SHEILA KUEHL,3,LOS ANGELES,,INCORPORATED CITY,3,San Fernando Valley Planning Area,1700728.14453125,5430.26025563968
88,1,88,111206,1112.06,3RD SUP. DISTRICT,3RD DISTRICT: SHEILA KUEHL,3,LOS ANGELES,,INCORPORATED CITY,3,San Fernando Valley Planning Area,3849719.17578125,8909.01787045484
89,1,89,111302,1113.02,3RD SUP. DISTRICT,3RD DISTRICT: SHEILA KUEHL,3,LOS ANGELES,,INCORPORATED CITY,3,San Fernando Valley Planning Area,2278502.1875,6582.45294046421
90,1,90,111303,1113.03,3RD SUP. DISTRICT,3RD DISTRICT: SHEILA KUEHL,3,LOS ANGELES,,INCORPORATED CITY,3,San Fernando Valley Planning Area,2295185.484375,6688.55021804077
91,1,91,111304,1113.04,3RD SUP. DISTRICT,3RD DISTRICT: SHEILA KUEHL,3,LOS ANGELES,,INCORPORATED CITY,3,San Fernando Valley Planning Area,641984.92578125,3241.41694248318
92,1,92,111401,1114.01,3RD SUP. DISTRICT,3RD DISTRICT: SHEILA KUEHL,3,LOS ANGELES,,INCORPORATED CITY,3,San Fernando Valley Planning Area,1233747.50390625,4560.9786005041
93,1,93,111402,1114.02,3RD SUP. DISTRICT,3RD DISTRICT: SHEILA KUEHL,3,LOS ANGELES,,INCORPORATED CITY,3,San Fernando Valley Planning Area,1425378.04296875,4884.1923921434
94,1,94,113101,1131.01,3RD SUP. DISTRICT,3RD DISTRICT: SHEILA KUEHL,3,LOS ANGELES,,INCORPORATED CITY,3,San Fernando Valley Planning Area,3328750.19140625,7909.01200118696
95,1,95,113102,1131.02,3RD SUP. DISTRICT,3RD DISTRICT: SHEILA KUEHL,3,LOS ANGELES,,INCORPORATED CITY,3,San Fernando Valley Planning Area,5387911.90625,9191.43954794943
96,1,96,113211,1132.11,3RD SUP. DISTRICT,3RD DISTRICT: SHEILA KUEHL,3,LOS ANGELES,,INCORPORATED CITY,3,San Fernando Valley Planning Area,10690972.3359375,13997.0623039513
97,1,97,113212,1132.12,3RD SUP. DISTRICT,3RD DISTRICT: SHEILA KUEHL,3,LOS ANGELES,,INCORPORATED CITY,3,San Fernando Valley Planning Area,1465455.015625,5241.95782330175
98,1,98,113213,1132.13,3RD SUP. DISTRICT,3RD DISTRICT: SHEILA KUEHL,3,LOS ANGELES,,INCORPORATED CITY,3,San Fernando Valley Planning Area,1908790.2578125,6217.20862834556
99,1,99,113231,1132.31,3RD SUP. DISTRICT,3RD DISTRICT: SHEILA KUEHL,3,,WEST CHATSWORTH,UNINCORPORATED AREA,3,San Fernando Valley Planning Area,6072635.08203125,15813.097381258
100,1,100,113232,1132.32,3RD SUP. DISTRICT,3RD DISTRICT: SHEILA KUEHL,3,LOS ANGELES,,INCORPORATED CITY,3,San Fernando Valley Planning Area,3029260.28125,8711.53966857868
101,1,101,113234,1132.34,3RD SUP. DISTRICT,3RD DISTRICT: SHEILA KUEHL,3,LOS ANGELES,,INCORPORATED CITY,3,San Fernando Valley Planning Area,1499999.37109375,6202.15455208703
102,1,102,113235,1132.35,3RD SUP. DISTRICT,3RD DISTRICT: SHEILA KUEHL,3,,WEST CHATSWORTH,UNINCORPORATED AREA,3,San Fernando Valley Planning Area,2092759.140625,10667.0100911923
103,1,103,113237,1132.37,3RD SUP. DISTRICT,3RD DISTRICT: SHEILA KUEHL,3,LOS ANGELES,,INCORPORATED CITY,3,San Fernando Valley Planning Area,6964306.89453125,13460.0158455051
104,1,104,113238,1132.38,3RD SUP. DISTRICT,3RD DISTRICT: SHEILA KUEHL,3,LOS ANGELES,,INCORPORATED CITY,3,San Fernando Valley Planning Area,1040623.48046875,4015.14462662707
105,1,105,113239,1132.39,3RD SUP. DISTRICT,3RD DISTRICT: SHEILA KUEHL,3,LOS ANGELES,,INCORPORATED CITY,3,San Fernando Valley Planning Area,636869.4453125,3600.4692000184
106,1,106,113301,1133.01,3RD SUP. DISTRICT,3RD DISTRICT: SHEILA KUEHL,3,LOS ANGELES,,INCORPORATED CITY,3,San Fernando Valley Planning Area,3307116.85546875,8362.75987608172
107,1,107,113303,1133.03,3RD SUP. DISTRICT,3RD DISTRICT: SHEILA KUEHL,3,LOS ANGELES,,INCORPORATED CITY,3,San Fernando Valley Planning Area,6008574.46875,11459.342315538
108,1,108,113322,1133.22,3RD SUP. DISTRICT,3RD DISTRICT: SHEILA KUEHL,3,LOS ANGELES,,INCORPORATED CITY,3,San Fernando Valley Planning Area,2621868.60546875,7432.04769847212
109,1,109,113323,1133.23,3RD SUP. DISTRICT,3RD DISTRICT: SHEILA KUEHL,3,LOS ANGELES,,INCORPORATED CITY,3,San Fernando Valley Planning Area,1062238.40625,4069.91122878531
110,1,110,113324,1133.24,3RD SUP. DISTRICT,3RD DISTRICT: SHEILA KUEHL,3,LOS ANGELES,,INCORPORATED CITY,3,San Fernando Valley Planning Area,476093.93359375,2929.70417057713
111,1,111,113423,1134.23,3RD SUP. DISTRICT,3RD DISTRICT: SHEILA KUEHL,3,LOS ANGELES,,INCORPORATED CITY,3,San Fernando Valley Planning Area,1042076.01953125,4088.28633749729
112,1,112,113424,1134.24,3RD SUP. DISTRICT,3RD DISTRICT: SHEILA KUEHL,3,LOS ANGELES,,INCORPORATED CITY,3,San Fernando Valley Planning Area,2553313.96875,7625.09749132089
113,1,113,113425,1134.25,3RD SUP. DISTRICT,3RD DISTRICT: SHEILA KUEHL,3,LOS ANGELES,,INCORPORATED CITY,3,San Fernando Valley Planning Area,497605.03125,2946.98335940049
114,1,114,113426,1134.26,3RD SUP. DISTRICT,3RD DISTRICT: SHEILA KUEHL,3,LOS ANGELES,,INCORPORATED CITY,3,San Fernando Valley Planning Area,2736770.875,7888.09752018202
115,1,115,113427,1134.27,3RD SUP. DISTRICT,3RD DISTRICT: SHEILA KUEHL,3,LOS ANGELES,,INCORPORATED CITY,3,San Fernando Valley Planning Area,380146.09765625,3335.99294746937
116,1,116,113428,1134.28,3RD SUP. DISTRICT,3RD DISTRICT: SHEILA KUEHL,3,LOS ANGELES,,INCORPORATED CITY,3,San Fernando Valley Planning Area,1862946.96875,5593.5819976251
117,1,117,115101,1151.01,3RD SUP. DISTRICT,3RD DISTRICT: SHEILA KUEHL,3,LOS ANGELES,,INCORPORATED CITY,3,San Fernando Valley Planning Area,5694863.98828125,9751.34080513706
118,1,118,115103,1151.03,3RD SUP. DISTRICT,3RD DISTRICT: SHEILA KUEHL,3,LOS ANGELES,,INCORPORATED CITY,3,San Fernando Valley Planning Area,2227868.59375,8224.96143760636
119,1,119,115104,1151.04,3RD SUP. DISTRICT,3RD DISTRICT: SHEILA KUEHL,3,LOS ANGELES,,INCORPORATED CITY,3,San Fernando Valley Planning Area,1496382.55078125,7504.97830100331
120,1,120,115202,1152.02,3RD SUP. DISTRICT,3RD DISTRICT: SHEILA KUEHL,3,LOS ANGELES,,INCORPORATED CITY,3,San Fernando Valley Planning Area,2553969.9453125,6921.24928151626
121,1,121,115203,1152.03,3RD SUP. DISTRICT,3RD DISTRICT: SHEILA KUEHL,3,LOS ANGELES,,INCORPORATED CITY,3,San Fernando Valley Planning Area,887239.01953125,4869.05853910039
122,1,122,115204,1152.04,3RD SUP. DISTRICT,3RD DISTRICT: SHEILA KUEHL,3,LOS ANGELES,,INCORPORATED CITY,3,San Fernando Valley Planning Area,1130710.3671875,4765.56506645373
123,1,123,115301,1153.01,3RD SUP. DISTRICT,3RD DISTRICT: SHEILA KUEHL,3,LOS ANGELES,,INCORPORATED CITY,3,San Fernando Valley Planning Area,2407621.37109375,8079.93713271266
124,1,124,115302,1153.02,3RD SUP. DISTRICT,3RD DISTRICT: SHEILA KUEHL,3,LOS ANGELES,,INCORPORATED CITY,3,San Fernando Valley Planning Area,1228562.46875,4640.02761683896
125,1,125,115401,1154.01,3RD SUP. DISTRICT,3RD DISTRICT: SHEILA KUEHL,3,LOS ANGELES,,INCORPORATED CITY,3,San Fernando Valley Planning Area,2793631.48046875,7533.95515755979
126,1,126,115403,1154.03,3RD SUP. DISTRICT,3RD DISTRICT: SHEILA KUEHL,3,LOS ANGELES,,INCORPORATED CITY,3,San Fernando Valley Planning Area,1031927.60546875,4102.22457363129
127,1,127,115404,1154.04,3RD SUP. DISTRICT,3RD DISTRICT: SHEILA KUEHL,3,LOS ANGELES,,INCORPORATED CITY,3,San Fernando Valley Planning Area,1397905.7734375,4803.56496850392
128,1,128,117101,1171.01,3RD SUP. DISTRICT,3RD DISTRICT: SHEILA KUEHL,3,LOS ANGELES,,INCORPORATED CITY,3,San Fernando Valley Planning Area,1143387.90625,4318.49629490784
129,1,129,117102,1171.02,3RD SUP. DISTRICT,3RD DISTRICT: SHEILA KUEHL,3,LOS ANGELES,,INCORPORATED CITY,3,San Fernando Valley Planning Area,1523935.24609375,5065.19820391552
130,1,130,117201,1172.01,3RD SUP. DISTRICT,3RD DISTRICT: SHEILA KUEHL,3,LOS ANGELES,,INCORPORATED CITY,3,San Fernando Valley Planning Area,1161322.48046875,5058.28965612655
131,1,131,117202,1172.02,3RD SUP. DISTRICT,3RD DISTRICT: SHEILA KUEHL,3,LOS ANGELES,,INCORPORATED CITY,3,San Fernando Valley Planning Area,2660896.17578125,6681.57478311338
132,1,132,117301,1173.01,3RD SUP. DISTRICT,3RD DISTRICT: SHEILA KUEHL,3,LOS ANGELES,,INCORPORATED CITY,3,San Fernando Valley Planning Area,1953829.9609375,5977.9904091764
133,1,133,117302,1173.02,3RD SUP. DISTRICT,3RD DISTRICT: SHEILA KUEHL,3,LOS ANGELES,,INCORPORATED CITY,3,San Fernando Valley Planning Area,3009616.90625,9682.60275158365
134,1,134,117303,1173.03,3RD SUP. DISTRICT,3RD DISTRICT: SHEILA KUEHL,3,LOS ANGELES,,INCORPORATED CITY,3,San Fernando Valley Planning Area,2640497.59765625,6686.15709938084
135,1,135,117404,1174.04,3RD SUP. DISTRICT,3RD DISTRICT: SHEILA KUEHL,3,LOS ANGELES,,INCORPORATED CITY,3,San Fernando Valley Planning Area,2589275.89453125,6536.2746182451
136,1,136,117405,1174.05,3RD SUP. DISTRICT,3RD DISTRICT: SHEILA KUEHL,3,LOS ANGELES,,INCORPORATED CITY,3,San Fernando Valley Planning Area,296020.5859375,2193.375534989
137,1,137,117407,1174.07,3RD SUP. DISTRICT,3RD DISTRICT: SHEILA KUEHL,3,LOS ANGELES,,INCORPORATED CITY,3,San Fernando Valley Planning Area,290853.37109375,2175.00687504174
138,1,138,117408,1174.08,3RD SUP. DISTRICT,3RD DISTRICT: SHEILA KUEHL,3,LOS ANGELES,,INCORPORATED CITY,3,San Fernando Valley Planning Area,552096.453125,3045.49446376313
139,1,139,117510,1175.10,3RD SUP. DISTRICT,3RD DISTRICT: SHEILA KUEHL,3,LOS ANGELES,,INCORPORATED CITY,3,San Fernando Valley Planning Area,491493.01953125,3017.47838152654
140,1,140,117520,1175.20,3RD SUP. DISTRICT,3RD DISTRICT: SHEILA KUEHL,3,LOS ANGELES,,INCORPORATED CITY,3,San Fernando Valley Planning Area,477671.21875,2866.9509308185
141,1,141,117530,1175.30,3RD SUP. DISTRICT,3RD DISTRICT: SHEILA KUEHL,3,LOS ANGELES,,INCORPORATED CITY,3,San Fernando Valley Planning Area,816580.3671875,3672.77792676545
142,1,142,119001,1190.01,3RD SUP. DISTRICT,3RD DISTRICT: SHEILA KUEHL,3,LOS ANGELES,,INCORPORATED CITY,3,San Fernando Valley Planning Area,1573995.25,5154.60602076437
143,1,143,119003,1190.03,3RD SUP. DISTRICT,3RD DISTRICT: SHEILA KUEHL,3,LOS ANGELES,,INCORPORATED CITY,3,San Fernando Valley Planning Area,1249654.6953125,4756.06635982406
144,1,144,119004,1190.04,3RD SUP. DISTRICT,3RD DISTRICT: SHEILA KUEHL,3,LOS ANGELES,,INCORPORATED CITY,3,San Fernando Valley Planning Area,1246184.41015625,4777.64306574051
145,1,145,119201,1192.01,3RD SUP. DISTRICT,3RD DISTRICT: SHEILA KUEHL,3,LOS ANGELES,,INCORPORATED CITY,3,San Fernando Valley Planning Area,1396917.25390625,4781.39049676786
146,1,146,119202,1192.02,3RD SUP. DISTRICT,3RD DISTRICT: SHEILA KUEHL,3,LOS ANGELES,,INCORPORATED CITY,3,San Fernando Valley Planning Area,1422960.81640625,6229.87892657976
147,1,147,119310,1193.10,3RD SUP. DISTRICT,3RD DISTRICT: SHEILA KUEHL,3,LOS ANGELES,,INCORPORATED CITY,3,San Fernando Valley Planning Area,629070.77734375,3710.11013693725
148,1,148,119320,1193.20,3RD SUP. DISTRICT,3RD DISTRICT: SHEILA KUEHL,3,LOS ANGELES,,INCORPORATED CITY,3,San Fernando Valley Planning Area,728458.99609375,3453.44486126483
149,1,149,119340,1193.40,3RD SUP. DISTRICT,3RD DISTRICT: SHEILA KUEHL,3,LOS ANGELES,,INCORPORATED CITY,3,San Fernando Valley Planning Area,179150.21484375,1710.52743485432
150,1,150,119341,1193.41,3RD SUP. DISTRICT,3RD DISTRICT: SHEILA KUEHL,3,LOS ANGELES,,INCORPORATED CITY,3,San Fernando Valley Planning Area,478706.22265625,3083.98969952508
151,1,151,119342,1193.42,3RD SUP. DISTRICT,3RD DISTRICT: SHEILA KUEHL,3,LOS ANGELES,,INCORPORATED CITY,3,San Fernando Valley Planning Area,321394.3046875,2252.7054512229
152,1,152,119400,1194.00,3RD SUP. DISTRICT,3RD DISTRICT: SHEILA KUEHL,3,LOS ANGELES,,INCORPORATED CITY,3,San Fernando Valley Planning Area,1645182.81640625,5229.32396133606
153,1,153,119700,1197.00,3RD SUP. DISTRICT,3RD DISTRICT: SHEILA KUEHL,3,LOS ANGELES,,INCORPORATED CITY,3,San Fernando Valley Planning Area,1921260.58203125,7506.86261884882
154,1,154,119801,1198.01,3RD SUP. DISTRICT,3RD DISTRICT: SHEILA KUEHL,3,LOS ANGELES,,INCORPORATED CITY,3,San Fernando Valley Planning Area,898083.1015625,4425.27383733115
155,1,155,119802,1198.02,3RD SUP. DISTRICT,3RD DISTRICT: SHEILA KUEHL,3,LOS ANGELES,,INCORPORATED CITY,3,San Fernando Valley Planning Area,923605.20703125,4547.96781608063
156,1,156,119900,1199.00,3RD SUP. DISTRICT,3RD DISTRICT: SHEILA KUEHL,3,LOS ANGELES,,INCORPORATED CITY,3,San Fernando Valley Planning Area,1543004.7734375,5409.28319625753
157,1,157,120010,1200.10,3RD SUP. DISTRICT,3RD DISTRICT: SHEILA KUEHL,3,LOS ANGELES,,INCORPORATED CITY,3,San Fernando Valley Planning Area,829231.58984375,3778.02584507495
158,1,158,120020,1200.20,3RD SUP. DISTRICT,3RD DISTRICT: SHEILA KUEHL,3,LOS ANGELES,,INCORPORATED CITY,3,San Fernando Valley Planning Area,781534.2734375,4496.16052456556
159,1,159,120030,1200.30,3RD SUP. DISTRICT,3RD DISTRICT: SHEILA KUEHL,3,LOS ANGELES,,INCORPORATED CITY,3,San Fernando Valley Planning Area,553722.58203125,2990.43490305167
160,1,160,120103,1201.03,3RD SUP. DISTRICT,3RD DISTRICT: SHEILA KUEHL,3,LOS ANGELES,,INCORPORATED CITY,3,San Fernando Valley Planning Area,203069.828125,2081.73954302739
161,1,161,120104,1201.04,3RD SUP. DISTRICT,3RD DISTRICT: SHEILA KUEHL,3,LOS ANGELES,,INCORPORATED CITY,3,San Fernando Valley Planning Area,665543.54296875,3755.10824203313
162,1,162,120105,1201.05,3RD SUP. DISTRICT,3RD DISTRICT: SHEILA KUEHL,3,LOS ANGELES,,INCORPORATED CITY,3,San Fernando Valley Planning Area,807956.42578125,5816.47882871848
163,1,163,120106,1201.06,3RD SUP. DISTRICT,3RD DISTRICT: SHEILA KUEHL,3,LOS ANGELES,,INCORPORATED CITY,3,San Fernando Valley Planning Area,302482.9765625,2240.2013596017
164,1,164,120107,1201.07,3RD SUP. DISTRICT,3RD DISTRICT: SHEILA KUEHL,3,LOS ANGELES,,INCORPORATED CITY,3,San Fernando Valley Planning Area,303959.984375,2241.48163479649
165,1,165,120108,1201.08,3RD SUP. DISTRICT,3RD DISTRICT: SHEILA KUEHL,3,LOS ANGELES,,INCORPORATED CITY,3,San Fernando Valley Planning Area,567469.66796875,3120.67886614982
166,1,166,120300,1203.00,3RD SUP. DISTRICT,3RD DISTRICT: SHEILA KUEHL,3,LOS ANGELES,,INCORPORATED CITY,3,San Fernando Valley Planning Area,2519582.43359375,6837.64583351238
167,1,167,120400,1204.00,3RD SUP. DISTRICT,3RD DISTRICT: SHEILA KUEHL,3,LOS ANGELES,,INCORPORATED CITY,3,San Fernando Valley Planning Area,1562645.8046875,6407.81056033705
168,1,168,121010,1210.10,3RD SUP. DISTRICT,3RD DISTRICT: SHEILA KUEHL,3,LOS ANGELES,,INCORPORATED CITY,3,San Fernando Valley Planning Area,2990422.5703125,7199.37753623871
169,1,169,121020,1210.20,3RD SUP. DISTRICT,3RD DISTRICT: SHEILA KUEHL,3,LOS ANGELES,,INCORPORATED CITY,3,San Fernando Valley Planning Area,1208685.83203125,4845.80104665963
172,1,172,121210,1212.10,3RD SUP. DISTRICT,3RD DISTRICT: SHEILA KUEHL,3,LOS ANGELES,,INCORPORATED CITY,3,San Fernando Valley Planning Area,2973416.24609375,6780.91592530024
173,1,173,121221,1212.21,3RD SUP. DISTRICT,3RD DISTRICT: SHEILA KUEHL,3,LOS ANGELES,,INCORPORATED CITY,3,San Fernando Valley Planning Area,739476.84765625,4077.71447484084
174,2,174,121222,1212.22,3RD SUP. DISTRICT,3RD DISTRICT: SHEILA KUEHL,3,LOS ANGELES,,INCORPORATED CITY,3,San Fernando Valley Planning Area,1957778.25,6717.07273320788
175,1,175,121600,1216.00,3RD SUP. DISTRICT,3RD DISTRICT: SHEILA KUEHL,3,LOS ANGELES,,INCORPORATED CITY,3,San Fernando Valley Planning Area,1670355.73828125,6038.28079636027
176,1,176,121801,1218.01,3RD SUP. DISTRICT,3RD DISTRICT: SHEILA KUEHL,3,LOS ANGELES,,INCORPORATED CITY,3,San Fernando Valley Planning Area,711960.6015625,3897.21655391596
177,1,177,121802,1218.02,3RD SUP. DISTRICT,3RD DISTRICT: SHEILA KUEHL,3,LOS ANGELES,,INCORPORATED CITY,3,San Fernando Valley Planning Area,1393863.234375,5508.6664814033
178,2,178,121900,1219.00,3RD SUP. DISTRICT,3RD DISTRICT: SHEILA KUEHL,3,LOS ANGELES,,INCORPORATED CITY,3,San Fernando Valley Planning Area,2474094.55859375,7420.93553983504
179,1,179,122000,1220.00,3RD SUP. DISTRICT,3RD DISTRICT: SHEILA KUEHL,3,LOS ANGELES,,INCORPORATED CITY,3,San Fernando Valley Planning Area,4783404.9140625,11267.5116980845
180,1,180,122120,1221.20,3RD SUP. DISTRICT,3RD DISTRICT: SHEILA KUEHL,3,LOS ANGELES,,INCORPORATED CITY,3,San Fernando Valley Planning Area,1055163.65625,4927.90881702944
181,2,181,122121,1221.21,3RD SUP. DISTRICT,3RD DISTRICT: SHEILA KUEHL,3,LOS ANGELES,,INCORPORATED CITY,3,San Fernando Valley Planning Area,603923.6953125,4426.43756033894
182,2,182,122122,1221.22,3RD SUP. DISTRICT,3RD DISTRICT: SHEILA KUEHL,3,LOS ANGELES,,INCORPORATED CITY,3,San Fernando Valley Planning Area,1514058.66796875,5656.02948198329
184,1,184,122410,1224.10,3RD SUP. DISTRICT,3RD DISTRICT: SHEILA KUEHL,3,LOS ANGELES,,INCORPORATED CITY,3,San Fernando Valley Planning Area,1036201.76171875,4103.15669931407
185,1,185,122420,1224.20,3RD SUP. DISTRICT,3RD DISTRICT: SHEILA KUEHL,3,LOS ANGELES,,INCORPORATED CITY,3,San Fernando Valley Planning Area,1264427.6328125,4572.55391915541
186,1,186,123010,1230.10,3RD SUP. DISTRICT,3RD DISTRICT: SHEILA KUEHL,3,LOS ANGELES,,INCORPORATED CITY,3,San Fernando Valley Planning Area,1488802.609375,5034.67570101763
187,1,187,123020,1230.20,3RD SUP. DISTRICT,3RD DISTRICT: SHEILA KUEHL,3,LOS ANGELES,,INCORPORATED CITY,3,San Fernando Valley Planning Area,829044.265625,3643.7830269169
190,1,190,123203,1232.03,3RD SUP. DISTRICT,3RD DISTRICT: SHEILA KUEHL,3,LOS ANGELES,,INCORPORATED CITY,3,San Fernando Valley Planning Area,861056.0390625,4708.68315884941
191,1,191,123204,1232.04,3RD SUP. DISTRICT,3RD DISTRICT: SHEILA KUEHL,3,LOS ANGELES,,INCORPORATED CITY,3,San Fernando Valley Planning Area,475054.453125,2926.71117349118
192,1,192,123205,1232.05,3RD SUP. DISTRICT,3RD DISTRICT: SHEILA KUEHL,3,LOS ANGELES,,INCORPORATED CITY,3,San Fernando Valley Planning Area,1110303.63671875,4256.1538716741
193,2,193,123206,1232.06,3RD SUP. DISTRICT,3RD DISTRICT: SHEILA KUEHL,3,LOS ANGELES,,INCORPORATED CITY,3,San Fernando Valley Planning Area,883332.00390625,3789.11278685447
194,1,194,123301,1233.01,3RD SUP. DISTRICT,3RD DISTRICT: SHEILA KUEHL,3,LOS ANGELES,,INCORPORATED CITY,3,San Fernando Valley Planning Area,1910261.546875,6532.01314250588
195,1,195,123303,1233.03,3RD SUP. DISTRICT,3RD DISTRICT: SHEILA KUEHL,3,LOS ANGELES,,INCORPORATED CITY,3,San Fernando Valley Planning Area,928192.5625,4814.27317780085
196,1,196,123304,1233.04,3RD SUP. DISTRICT,3RD DISTRICT: SHEILA KUEHL,3,LOS ANGELES,,INCORPORATED CITY,3,San Fernando Valley Planning Area,1288182.359375,4957.76943845821
197,1,197,123410,1234.10,3RD SUP. DISTRICT,3RD DISTRICT: SHEILA KUEHL,3,LOS ANGELES,,INCORPORATED CITY,3,San Fernando Valley Planning Area,728482.76953125,3506.378835955
198,1,198,123420,1234.20,3RD SUP. DISTRICT,3RD DISTRICT: SHEILA KUEHL,3,LOS ANGELES,,INCORPORATED CITY,3,San Fernando Valley Planning Area,1152750.36328125,5438.72508973029
199,1,199,123510,1235.10,3RD SUP. DISTRICT,3RD DISTRICT: SHEILA KUEHL,3,LOS ANGELES,,INCORPORATED CITY,3,San Fernando Valley Planning Area,1170003.16796875,4530.1438741622
200,1,200,123520,1235.20,3RD SUP. DISTRICT,3RD DISTRICT: SHEILA KUEHL,3,LOS ANGELES,,INCORPORATED CITY,3,San Fernando Valley Planning Area,748427.0234375,4606.2880835373
201,2,201,123601,1236.01,3RD SUP. DISTRICT,3RD DISTRICT: SHEILA KUEHL,3,LOS ANGELES,,INCORPORATED CITY,3,San Fernando Valley Planning Area,2244634.78515625,6757.8147570891
202,1,202,123602,1236.02,3RD SUP. DISTRICT,3RD DISTRICT: SHEILA KUEHL,3,LOS ANGELES,,INCORPORATED CITY,3,San Fernando Valley Planning Area,1359008.74609375,5238.36126317812
203,1,203,123700,1237.00,3RD SUP. DISTRICT,3RD DISTRICT: SHEILA KUEHL,3,LOS ANGELES,,INCORPORATED CITY,3,San Fernando Valley Planning Area,1395176.5546875,4836.78876929333
204,2,204,123800,1238.00,3RD SUP. DISTRICT,3RD DISTRICT: SHEILA KUEHL,3,LOS ANGELES,,INCORPORATED CITY,3,San Fernando Valley Planning Area,1889634.7109375,6444.09266479379
205,2,205,123901,1239.01,3RD SUP. DISTRICT,3RD DISTRICT: SHEILA KUEHL,3,LOS ANGELES,,INCORPORATED CITY,3,San Fernando Valley Planning Area,1891589.52734375,5545.04918447332
209,2,209,124103,1241.03,3RD SUP. DISTRICT,3RD DISTRICT: SHEILA KUEHL,3,LOS ANGELES,,INCORPORATED CITY,3,San Fernando Valley Planning Area,474619.23828125,2920.53854074984
216,2,216,124400,1244.00,3RD SUP. DISTRICT,3RD DISTRICT: SHEILA KUEHL,3,LOS ANGELES,,INCORPORATED CITY,3,San Fernando Valley Planning Area,1428867.56640625,4869.71468719181
217,1,217,124500,1245.00,3RD SUP. DISTRICT,3RD DISTRICT: SHEILA KUEHL,3,LOS ANGELES,,INCORPORATED CITY,3,San Fernando Valley Planning Area,1183221.40625,5184.92241165907
218,1,218,124600,1246.00,3RD SUP. DISTRICT,3RD DISTRICT: SHEILA KUEHL,3,LOS ANGELES,,INCORPORATED CITY,3,San Fernando Valley Planning Area,1639929.74609375,5274.2022430024
219,2,219,124700,1247.00,3RD SUP. DISTRICT,3RD DISTRICT: SHEILA KUEHL,3,LOS ANGELES,,INCORPORATED CITY,3,San Fernando Valley Planning Area,1994142.578125,6584.05886458922
234,1,234,127102,1271.02,3RD SUP. DISTRICT,3RD DISTRICT: SHEILA KUEHL,3,LOS ANGELES,,INCORPORATED CITY,3,San Fernando Valley Planning Area,1259425.828125,4540.47553364792
235,1,235,127103,1271.03,3RD SUP. DISTRICT,3RD DISTRICT: SHEILA KUEHL,3,LOS ANGELES,,INCORPORATED CITY,3,San Fernando Valley Planning Area,419241.1484375,2784.63151603726
236,1,236,127104,1271.04,3RD SUP. DISTRICT,3RD DISTRICT: SHEILA KUEHL,3,LOS ANGELES,,INCORPORATED CITY,3,San Fernando Valley Planning Area,1037402.93359375,4159.67498807831
237,1,237,127210,1272.10,3RD SUP. DISTRICT,3RD DISTRICT: SHEILA KUEHL,3,LOS ANGELES,,INCORPORATED CITY,3,San Fernando Valley Planning Area,2259349.25,7256.47018191858
238,1,238,127220,1272.20,3RD SUP. DISTRICT,3RD DISTRICT: SHEILA KUEHL,3,LOS ANGELES,,INCORPORATED CITY,3,San Fernando Valley Planning Area,956970.8984375,3910.82791933911
239,1,239,127300,1273.00,3RD SUP. DISTRICT,3RD DISTRICT: SHEILA KUEHL,3,LOS ANGELES,,INCORPORATED CITY,3,San Fernando Valley Planning Area,1552619.44140625,5562.35557550916
240,1,240,127400,1274.00,3RD SUP. DISTRICT,3RD DISTRICT: SHEILA KUEHL,3,LOS ANGELES,,INCORPORATED CITY,3,San Fernando Valley Planning Area,3197980.54296875,9274.76103321647
241,1,241,127520,1275.20,3RD SUP. DISTRICT,3RD DISTRICT: SHEILA KUEHL,3,LOS ANGELES,,INCORPORATED CITY,3,San Fernando Valley Planning Area,533254.33984375,2948.41904089605
242,1,242,127603,1276.03,3RD SUP. DISTRICT,3RD DISTRICT: SHEILA KUEHL,3,LOS ANGELES,,INCORPORATED CITY,3,San Fernando Valley Planning Area,632154.1328125,3584.93525426342
243,1,243,127604,1276.04,3RD SUP. DISTRICT,3RD DISTRICT: SHEILA KUEHL,3,LOS ANGELES,,INCORPORATED CITY,3,San Fernando Valley Planning Area,636802.1875,3639.81713049681
244,1,244,127605,1276.05,3RD SUP. DISTRICT,3RD DISTRICT: SHEILA KUEHL,3,LOS ANGELES,,INCORPORATED CITY,3,San Fernando Valley Planning Area,950329.81640625,3899.34305616194
245,1,245,127606,1276.06,3RD SUP. DISTRICT,3RD DISTRICT: SHEILA KUEHL,3,LOS ANGELES,,INCORPORATED CITY,3,San Fernando Valley Planning Area,796623.515625,3591.63996405301
246,1,246,127711,1277.11,3RD SUP. DISTRICT,3RD DISTRICT: SHEILA KUEHL,3,LOS ANGELES,,INCORPORATED CITY,3,San Fernando Valley Planning Area,1388379.37109375,5000.71294648106
247,1,247,127712,1277.12,3RD SUP. DISTRICT,3RD DISTRICT: SHEILA KUEHL,3,LOS ANGELES,,INCORPORATED CITY,3,San Fernando Valley Planning Area,835293.40234375,3625.4959280011
248,1,248,127803,1278.03,3RD SUP. DISTRICT,3RD DISTRICT: SHEILA KUEHL,3,LOS ANGELES,,INCORPORATED CITY,3,San Fernando Valley Planning Area,939083.31640625,3882.36076782856
249,1,249,127804,1278.04,3RD SUP. DISTRICT,3RD DISTRICT: SHEILA KUEHL,3,LOS ANGELES,,INCORPORATED CITY,3,San Fernando Valley Planning Area,935122.625,3868.21524019293
250,1,250,127805,1278.05,3RD SUP. DISTRICT,3RD DISTRICT: SHEILA KUEHL,3,LOS ANGELES,,INCORPORATED CITY,3,San Fernando Valley Planning Area,900387.6796875,4865.35518271846
251,1,251,127806,1278.06,3RD SUP. DISTRICT,3RD DISTRICT: SHEILA KUEHL,3,LOS ANGELES,,INCORPORATED CITY,3,San Fernando Valley Planning Area,1000894.375,4968.58115911217
252,1,252,127910,1279.10,3RD SUP. DISTRICT,3RD DISTRICT: SHEILA KUEHL,3,LOS ANGELES,,INCORPORATED CITY,3,San Fernando Valley Planning Area,952197.91796875,3904.00594148675
253,1,253,127920,1279.20,3RD SUP. DISTRICT,3RD DISTRICT: SHEILA KUEHL,3,LOS ANGELES,,INCORPORATED CITY,3,San Fernando Valley Planning Area,950628.6015625,3899.89140006381
254,1,254,128101,1281.01,3RD SUP. DISTRICT,3RD DISTRICT: SHEILA KUEHL,3,LOS ANGELES,,INCORPORATED CITY,3,San Fernando Valley Planning Area,950732.4453125,3900.12677553945
255,1,255,128102,1281.02,3RD SUP. DISTRICT,3RD DISTRICT: SHEILA KUEHL,3,LOS ANGELES,,INCORPORATED CITY,3,San Fernando Valley Planning Area,950606.48046875,3900.10355807957
256,1,256,128210,1282.10,3RD SUP. DISTRICT,3RD DISTRICT: SHEILA KUEHL,3,LOS ANGELES,,INCORPORATED CITY,3,San Fernando Valley Planning Area,805645.48046875,3601.65912743358
257,1,257,128220,1282.20,3RD SUP. DISTRICT,3RD DISTRICT: SHEILA KUEHL,3,LOS ANGELES,,INCORPORATED CITY,3,San Fernando Valley Planning Area,813900.4609375,3703.63668577117
258,1,258,128302,1283.02,3RD SUP. DISTRICT,3RD DISTRICT: SHEILA KUEHL,3,LOS ANGELES,,INCORPORATED CITY,3,San Fernando Valley Planning Area,1009157.10546875,4585.62841145798
259,1,259,128303,1283.03,3RD SUP. DISTRICT,3RD DISTRICT: SHEILA KUEHL,3,LOS ANGELES,,INCORPORATED CITY,3,San Fernando Valley Planning Area,606389.57421875,3602.17225522295
260,1,260,128400,1284.00,3RD SUP. DISTRICT,3RD DISTRICT: SHEILA KUEHL,3,LOS ANGELES,,INCORPORATED CITY,3,San Fernando Valley Planning Area,2527914.24609375,8322.7373363794
261,1,261,128500,1285.00,3RD SUP. DISTRICT,3RD DISTRICT: SHEILA KUEHL,3,LOS ANGELES,,INCORPORATED CITY,3,San Fernando Valley Planning Area,1426087.6171875,4880.33339934548
262,1,262,128601,1286.01,3RD SUP. DISTRICT,3RD DISTRICT: SHEILA KUEHL,3,LOS ANGELES,,INCORPORATED CITY,3,San Fernando Valley Planning Area,998768.23828125,5099.71093392976
263,1,263,128602,1286.02,3RD SUP. DISTRICT,3RD DISTRICT: SHEILA KUEHL,3,LOS ANGELES,,INCORPORATED CITY,3,San Fernando Valley Planning Area,1661249.734375,5362.01590094672
264,1,264,128703,1287.03,3RD SUP. DISTRICT,3RD DISTRICT: SHEILA KUEHL,3,LOS ANGELES,,INCORPORATED CITY,3,San Fernando Valley Planning Area,1212115.15234375,4338.23664555592
265,1,265,128704,1287.04,3RD SUP. DISTRICT,3RD DISTRICT: SHEILA KUEHL,3,LOS ANGELES,,INCORPORATED CITY,3,San Fernando Valley Planning Area,1219556.12109375,4465.50455172202
266,1,266,128801,1288.01,3RD SUP. DISTRICT,3RD DISTRICT: SHEILA KUEHL,3,LOS ANGELES,,INCORPORATED CITY,3,San Fernando Valley Planning Area,720656.56640625,3490.80808929377
267,1,267,128802,1288.02,3RD SUP. DISTRICT,3RD DISTRICT: SHEILA KUEHL,3,LOS ANGELES,,INCORPORATED CITY,3,San Fernando Valley Planning Area,1422180.125,4875.4889635554
268,1,268,128910,1289.10,3RD SUP. DISTRICT,3RD DISTRICT: SHEILA KUEHL,3,LOS ANGELES,,INCORPORATED CITY,3,San Fernando Valley Planning Area,1957255.41796875,6412.94357801524
269,1,269,131021,1310.21,3RD SUP. DISTRICT,3RD DISTRICT: SHEILA KUEHL,3,LOS ANGELES,,INCORPORATED CITY,3,San Fernando Valley Planning Area,824599.55078125,3918.54642642499
270,1,270,131022,1310.22,3RD SUP. DISTRICT,3RD DISTRICT: SHEILA KUEHL,3,LOS ANGELES,,INCORPORATED CITY,3,San Fernando Valley Planning Area,739148.89453125,3711.20113582355
271,1,271,131023,1310.23,3RD SUP. DISTRICT,3RD DISTRICT: SHEILA KUEHL,3,LOS ANGELES,,INCORPORATED CITY,3,San Fernando Valley Planning Area,863301.3671875,3725.8812309014
272,1,272,131024,1310.24,3RD SUP. DISTRICT,3RD DISTRICT: SHEILA KUEHL,3,LOS ANGELES,,INCORPORATED CITY,3,San Fernando Valley Planning Area,1254241.31640625,4536.41640605878
273,1,273,131100,1311.00,3RD SUP. DISTRICT,3RD DISTRICT: SHEILA KUEHL,3,LOS ANGELES,,INCORPORATED CITY,3,San Fernando Valley Planning Area,1615275.84375,5236.03757218785
274,1,274,131200,1312.00,3RD SUP. DISTRICT,3RD DISTRICT: SHEILA KUEHL,3,LOS ANGELES,,INCORPORATED CITY,3,San Fernando Valley Planning Area,1654264.0859375,5347.69864428145
275,1,275,131300,1313.00,3RD SUP. DISTRICT,3RD DISTRICT: SHEILA KUEHL,3,LOS ANGELES,,INCORPORATED CITY,3,San Fernando Valley Planning Area,1638997.87109375,5316.33900024183
276,1,276,131400,1314.00,3RD SUP. DISTRICT,3RD DISTRICT: SHEILA KUEHL,3,LOS ANGELES,,INCORPORATED CITY,3,San Fernando Valley Planning Area,1623060.21875,5283.41222312965
277,1,277,131600,1316.00,3RD SUP. DISTRICT,3RD DISTRICT: SHEILA KUEHL,3,LOS ANGELES,,INCORPORATED CITY,3,San Fernando Valley Planning Area,3211794.1328125,7171.68799418127
278,1,278,131701,1317.01,3RD SUP. DISTRICT,3RD DISTRICT: SHEILA KUEHL,3,LOS ANGELES,,INCORPORATED CITY,3,San Fernando Valley Planning Area,966842.65625,3933.2474881447
279,1,279,131702,1317.02,3RD SUP. DISTRICT,3RD DISTRICT: SHEILA KUEHL,3,LOS ANGELES,,INCORPORATED CITY,3,San Fernando Valley Planning Area,1056890.484375,4116.09297250714
280,1,280,131801,1318.01,3RD SUP. DISTRICT,3RD DISTRICT: SHEILA KUEHL,3,LOS ANGELES,,INCORPORATED CITY,3,San Fernando Valley Planning Area,961940.3984375,3924.22495521557
281,1,281,131802,1318.02,3RD SUP. DISTRICT,3RD DISTRICT: SHEILA KUEHL,3,LOS ANGELES,,INCORPORATED CITY,3,San Fernando Valley Planning Area,966249.8046875,3932.25220585521
282,1,282,131900,1319.00,3RD SUP. DISTRICT,3RD DISTRICT: SHEILA KUEHL,3,LOS ANGELES,,INCORPORATED CITY,3,San Fernando Valley Planning Area,1932046.23828125,5875.75935831705
283,1,283,132001,1320.01,3RD SUP. DISTRICT,3RD DISTRICT: SHEILA KUEHL,3,LOS ANGELES,,INCORPORATED CITY,3,San Fernando Valley Planning Area,1419282.921875,4863.96923203994
284,1,284,132002,1320.02,3RD SUP. DISTRICT,3RD DISTRICT: SHEILA KUEHL,3,LOS ANGELES,,INCORPORATED CITY,3,San Fernando Valley Planning Area,2344816.8046875,7765.32806527971
285,1,285,132101,1321.01,3RD SUP. DISTRICT,3RD DISTRICT: SHEILA KUEHL,3,LOS ANGELES,,INCORPORATED CITY,3,San Fernando Valley Planning Area,1187540.69921875,4384.95993452277
286,1,286,132102,1321.02,3RD SUP. DISTRICT,3RD DISTRICT: SHEILA KUEHL,3,LOS ANGELES,,INCORPORATED CITY,3,San Fernando Valley Planning Area,2009767.52734375,6973.08094608562
287,1,287,132301,1323.01,3RD SUP. DISTRICT,3RD DISTRICT: SHEILA KUEHL,3,LOS ANGELES,,INCORPORATED CITY,3,San Fernando Valley Planning Area,924704.65625,4844.38509131315
288,1,288,132302,1323.02,3RD SUP. DISTRICT,3RD DISTRICT: SHEILA KUEHL,3,LOS ANGELES,,INCORPORATED CITY,3,San Fernando Valley Planning Area,948959.44921875,4863.72835109338
289,1,289,132501,1325.01,3RD SUP. DISTRICT,3RD DISTRICT: SHEILA KUEHL,3,LOS ANGELES,,INCORPORATED CITY,3,San Fernando Valley Planning Area,1032814.94140625,4061.41960997285
290,1,290,132502,1325.02,3RD SUP. DISTRICT,3RD DISTRICT: SHEILA KUEHL,3,LOS ANGELES,,INCORPORATED CITY,3,San Fernando Valley Planning Area,915446.44140625,4047.61482429544
291,1,291,132700,1327.00,3RD SUP. DISTRICT,3RD DISTRICT: SHEILA KUEHL,3,LOS ANGELES,,INCORPORATED CITY,3,San Fernando Valley Planning Area,1935971.984375,5785.96589328822
292,1,292,132900,1329.00,3RD SUP. DISTRICT,3RD DISTRICT: SHEILA KUEHL,3,LOS ANGELES,,INCORPORATED CITY,3,San Fernando Valley Planning Area,1749254.87109375,6708.69429034968
293,1,293,133000,1330.00,3RD SUP. DISTRICT,3RD DISTRICT: SHEILA KUEHL,3,LOS ANGELES,,INCORPORATED CITY,3,San Fernando Valley Planning Area,1468597.91015625,5227.33834343584
294,1,294,133101,1331.01,3RD SUP. DISTRICT,3RD DISTRICT: SHEILA KUEHL,3,LOS ANGELES,,INCORPORATED CITY,3,San Fernando Valley Planning Area,972467.9296875,4050.08025150575
295,1,295,133102,1331.02,3RD SUP. DISTRICT,3RD DISTRICT: SHEILA KUEHL,3,LOS ANGELES,,INCORPORATED CITY,3,San Fernando Valley Planning Area,1254324.046875,4451.38781286596
296,1,296,134001,1340.01,3RD SUP. DISTRICT,3RD DISTRICT: SHEILA KUEHL,3,LOS ANGELES,,INCORPORATED CITY,3,San Fernando Valley Planning Area,855151.8359375,4485.77583229637
297,1,297,134002,1340.02,3RD SUP. DISTRICT,3RD DISTRICT: SHEILA KUEHL,3,LOS ANGELES,,INCORPORATED CITY,3,San Fernando Valley Planning Area,1104341.23046875,5032.55710472927
298,1,298,134101,1341.01,3RD SUP. DISTRICT,3RD DISTRICT: SHEILA KUEHL,3,LOS ANGELES,,INCORPORATED CITY,3,San Fernando Valley Planning Area,1562425.5078125,5157.20962777239
299,1,299,134103,1341.03,3RD SUP. DISTRICT,3RD DISTRICT: SHEILA KUEHL,3,LOS ANGELES,,INCORPORATED CITY,3,San Fernando Valley Planning Area,1540138.796875,6434.4764676836
300,1,300,134104,1341.04,3RD SUP. DISTRICT,3RD DISTRICT: SHEILA KUEHL,3,LOS ANGELES,,INCORPORATED CITY,3,San Fernando Valley Planning Area,949875.19140625,3898.09498082163
301,1,301,134201,1342.01,3RD SUP. DISTRICT,3RD DISTRICT: SHEILA KUEHL,3,LOS ANGELES,,INCORPORATED CITY,3,San Fernando Valley Planning Area,2150202.7578125,6072.93465205451
302,1,302,134302,1343.02,3RD SUP. DISTRICT,3RD DISTRICT: SHEILA KUEHL,3,LOS ANGELES,,INCORPORATED CITY,3,San Fernando Valley Planning Area,1915851.97265625,5632.50265265174
303,1,303,134303,1343.03,3RD SUP. DISTRICT,3RD DISTRICT: SHEILA KUEHL,3,LOS ANGELES,,INCORPORATED CITY,3,San Fernando Valley Planning Area,2322927.53125,6358.64904484573
304,1,304,134304,1343.04,3RD SUP. DISTRICT,3RD DISTRICT: SHEILA KUEHL,3,LOS ANGELES,,INCORPORATED CITY,3,San Fernando Valley Planning Area,1495934.703125,5011.3535508481
305,1,305,134305,1343.05,3RD SUP. DISTRICT,3RD DISTRICT: SHEILA KUEHL,3,LOS ANGELES,,INCORPORATED CITY,3,San Fernando Valley Planning Area,524244.73828125,2986.87731091718
306,1,306,134306,1343.06,3RD SUP. DISTRICT,3RD DISTRICT: SHEILA KUEHL,3,LOS ANGELES,,INCORPORATED CITY,3,San Fernando Valley Planning Area,908606.3203125,3815.39248932086
307,1,307,134421,1344.21,3RD SUP. DISTRICT,3RD DISTRICT: SHEILA KUEHL,3,LOS ANGELES,,INCORPORATED CITY,3,San Fernando Valley Planning Area,3128335.88671875,7127.51767225507
308,1,308,134422,1344.22,3RD SUP. DISTRICT,3RD DISTRICT: SHEILA KUEHL,3,LOS ANGELES,,INCORPORATED CITY,3,San Fernando Valley Planning Area,3441549.9609375,9417.4086780749
309,1,309,134423,1344.23,3RD SUP. DISTRICT,3RD DISTRICT: SHEILA KUEHL,3,LOS ANGELES,,INCORPORATED CITY,3,San Fernando Valley Planning Area,2297243.34375,6797.67185668427
310,1,310,134424,1344.24,3RD SUP. DISTRICT,3RD DISTRICT: SHEILA KUEHL,3,LOS ANGELES,WEST CHATSWORTH,INCORPORATED/UNINCORPORATED,3,San Fernando Valley Planning Area,5440148.50390625,10094.0232503672
311,1,311,134520,1345.20,3RD SUP. DISTRICT,3RD DISTRICT: SHEILA KUEHL,3,LOS ANGELES,,INCORPORATED CITY,3,San Fernando Valley Planning Area,1417378.3359375,4854.53327429392
312,1,312,134521,1345.21,3RD SUP. DISTRICT,3RD DISTRICT: SHEILA KUEHL,3,LOS ANGELES,,INCORPORATED CITY,3,San Fernando Valley Planning Area,515595.7578125,3023.03528340774
313,1,313,134522,1345.22,3RD SUP. DISTRICT,3RD DISTRICT: SHEILA KUEHL,3,LOS ANGELES,,INCORPORATED CITY,3,San Fernando Valley Planning Area,901803.37109375,3792.2788339979
314,1,314,134710,1347.10,3RD SUP. DISTRICT,3RD DISTRICT: SHEILA KUEHL,3,LOS ANGELES,,INCORPORATED CITY,3,San Fernando Valley Planning Area,836342.44140625,3670.48273135686
315,1,315,134720,1347.20,3RD SUP. DISTRICT,3RD DISTRICT: SHEILA KUEHL,3,LOS ANGELES,,INCORPORATED CITY,3,San Fernando Valley Planning Area,1450310.01953125,4906.24224502162
316,1,316,134801,1348.01,3RD SUP. DISTRICT,3RD DISTRICT: SHEILA KUEHL,3,LOS ANGELES,,INCORPORATED CITY,3,San Fernando Valley Planning Area,1354338.9453125,4802.42214687179
317,1,317,134802,1348.02,3RD SUP. DISTRICT,3RD DISTRICT: SHEILA KUEHL,3,LOS ANGELES,,INCORPORATED CITY,3,San Fernando Valley Planning Area,1392349.94140625,4756.77085254043
318,1,318,134901,1349.01,3RD SUP. DISTRICT,3RD DISTRICT: SHEILA KUEHL,3,LOS ANGELES,,INCORPORATED CITY,3,San Fernando Valley Planning Area,1555911.02734375,5597.43823267199
319,1,319,134904,1349.04,3RD SUP. DISTRICT,3RD DISTRICT: SHEILA KUEHL,3,LOS ANGELES,,INCORPORATED CITY,3,San Fernando Valley Planning Area,1523442.74609375,5781.87384167002
320,1,320,134905,1349.05,3RD SUP. DISTRICT,3RD DISTRICT: SHEILA KUEHL,3,LOS ANGELES,,INCORPORATED CITY,3,San Fernando Valley Planning Area,3789348.36328125,8133.9453727277
321,1,321,134906,1349.06,3RD SUP. DISTRICT,3RD DISTRICT: SHEILA KUEHL,3,LOS ANGELES,,INCORPORATED CITY,3,San Fernando Valley Planning Area,256104.95703125,2705.98925586426
322,1,322,134907,1349.07,3RD SUP. DISTRICT,3RD DISTRICT: SHEILA KUEHL,3,LOS ANGELES,,INCORPORATED CITY,3,San Fernando Valley Planning Area,573611.69140625,3468.85976416205
323,1,323,135102,1351.02,3RD SUP. DISTRICT,3RD DISTRICT: SHEILA KUEHL,3,LOS ANGELES,,INCORPORATED CITY,3,San Fernando Valley Planning Area,2444460.48828125,6999.78857159551
324,1,324,135111,1351.11,3RD SUP. DISTRICT,3RD DISTRICT: SHEILA KUEHL,3,LOS ANGELES,,INCORPORATED CITY,3,San Fernando Valley Planning Area,1523389.27734375,4965.28189901471
325,1,325,135113,1351.13,3RD SUP. DISTRICT,3RD DISTRICT: SHEILA KUEHL,3,LOS ANGELES,,INCORPORATED CITY,3,San Fernando Valley Planning Area,942750.578125,4819.15154217328
326,1,326,135115,1351.15,3RD SUP. DISTRICT,3RD DISTRICT: SHEILA KUEHL,3,LOS ANGELES,,INCORPORATED CITY,3,San Fernando Valley Planning Area,488601.99609375,3014.3465759158
327,1,327,135116,1351.16,3RD SUP. DISTRICT,3RD DISTRICT: SHEILA KUEHL,3,LOS ANGELES,,INCORPORATED CITY,3,San Fernando Valley Planning Area,1372012.234375,4807.67438155647
328,1,328,135201,1352.01,3RD SUP. DISTRICT,3RD DISTRICT: SHEILA KUEHL,3,LOS ANGELES,,INCORPORATED CITY,3,San Fernando Valley Planning Area,2244218.109375,6867.44449569239
329,1,329,135202,1352.02,3RD SUP. DISTRICT,3RD DISTRICT: SHEILA KUEHL,3,LOS ANGELES,,INCORPORATED CITY,3,San Fernando Valley Planning Area,2582388.5234375,6577.71282650643
330,1,330,135204,1352.04,3RD SUP. DISTRICT,3RD DISTRICT: SHEILA KUEHL,3,LOS ANGELES,,INCORPORATED CITY,3,San Fernando Valley Planning Area,2721492.48046875,6915.03395810671
331,1,331,135205,1352.05,3RD SUP. DISTRICT,3RD DISTRICT: SHEILA KUEHL,3,LOS ANGELES,,INCORPORATED CITY,3,San Fernando Valley Planning Area,3874030.73828125,9202.59547852876
332,1,332,137000,1370.00,3RD SUP. DISTRICT,3RD DISTRICT: SHEILA KUEHL,3,LOS ANGELES,,INCORPORATED CITY,3,San Fernando Valley Planning Area,4409142.9375,12018.1841517746
333,1,333,137103,1371.03,3RD SUP. DISTRICT,3RD DISTRICT: SHEILA KUEHL,3,LOS ANGELES,,INCORPORATED CITY,3,San Fernando Valley Planning Area,1112689.80078125,4346.07615017918
334,1,334,137104,1371.04,3RD SUP. DISTRICT,3RD DISTRICT: SHEILA KUEHL,3,LOS ANGELES,,INCORPORATED CITY,3,San Fernando Valley Planning Area,3756305.13671875,8627.12522015825
335,1,335,137202,1372.02,3RD SUP. DISTRICT,3RD DISTRICT: SHEILA KUEHL,3,LOS ANGELES,,INCORPORATED CITY,3,San Fernando Valley Planning Area,1274232.6875,4798.43607393837
336,1,336,137203,1372.03,3RD SUP. DISTRICT,3RD DISTRICT: SHEILA KUEHL,3,LOS ANGELES,,INCORPORATED CITY,3,San Fernando Valley Planning Area,1646388.30859375,5356.3916364569
337,1,337,137301,1373.01,3RD SUP. DISTRICT,3RD DISTRICT: SHEILA KUEHL,3,LOS ANGELES,,INCORPORATED CITY,3,San Fernando Valley Planning Area,2357668.8359375,7469.35834840815
338,1,338,137302,1373.02,3RD SUP. DISTRICT,3RD DISTRICT: SHEILA KUEHL,3,LOS ANGELES,,INCORPORATED CITY,3,San Fernando Valley Planning Area,3583978.52734375,9243.60417790969
339,1,339,137401,1374.01,3RD SUP. DISTRICT,3RD DISTRICT: SHEILA KUEHL,3,LOS ANGELES,,INCORPORATED CITY,3,San Fernando Valley Planning Area,3481001.546875,9732.82937741786
340,1,340,137402,1374.02,3RD SUP. DISTRICT,3RD DISTRICT: SHEILA KUEHL,3,LOS ANGELES,,INCORPORATED CITY,3,San Fernando Valley Planning Area,4512294.6015625,11385.84051231
341,1,341,137501,1375.01,3RD SUP. DISTRICT,3RD DISTRICT: SHEILA KUEHL,3,LOS ANGELES,,INCORPORATED CITY,3,San Fernando Valley Planning Area,3681809.64453125,8932.12077305118
342,1,342,137502,1375.02,3RD SUP. DISTRICT,3RD DISTRICT: SHEILA KUEHL,3,LOS ANGELES,,INCORPORATED CITY,3,San Fernando Valley Planning Area,3060563.7109375,7101.79862865869
343,1,343,137504,1375.04,3RD SUP. DISTRICT,3RD DISTRICT: SHEILA KUEHL,3,LOS ANGELES,,INCORPORATED CITY,3,San Fernando Valley Planning Area,5617051.578125,12131.4742467824
344,1,344,138000,1380.00,3RD SUP. DISTRICT,3RD DISTRICT: SHEILA KUEHL,3,LOS ANGELES,,INCORPORATED CITY,3,San Fernando Valley Planning Area,6546087.7421875,11522.6131085749
345,1,345,139001,1390.01,3RD SUP. DISTRICT,3RD DISTRICT: SHEILA KUEHL,3,LOS ANGELES,,INCORPORATED CITY,3,San Fernando Valley Planning Area,1815847.5546875,6538.67827830322
346,1,346,139200,1392.00,3RD SUP. DISTRICT,3RD DISTRICT: SHEILA KUEHL,3,LOS ANGELES,,INCORPORATED CITY,3,San Fernando Valley Planning Area,1687312.1640625,5170.05405302175
347,1,347,139301,1393.01,3RD SUP. DISTRICT,3RD DISTRICT: SHEILA KUEHL,3,LOS ANGELES,,INCORPORATED CITY,3,San Fernando Valley Planning Area,4197422.62890625,9918.89209835792
348,1,348,139302,1393.02,3RD SUP. DISTRICT,3RD DISTRICT: SHEILA KUEHL,3,LOS ANGELES,,INCORPORATED CITY,3,San Fernando Valley Planning Area,495484.2734375,2938.53696216156
349,1,349,139303,1393.03,3RD SUP. DISTRICT,3RD DISTRICT: SHEILA KUEHL,3,LOS ANGELES,,INCORPORATED CITY,3,San Fernando Valley Planning Area,608674.04296875,3337.14032127419
350,1,350,139401,1394.01,3RD SUP. DISTRICT,3RD DISTRICT: SHEILA KUEHL,3,LOS ANGELES,,INCORPORATED CITY,3,San Fernando Valley Planning Area,1328630.44140625,4694.12697062198
351,1,351,139402,1394.02,3RD SUP. DISTRICT,3RD DISTRICT: SHEILA KUEHL,3,LOS ANGELES,,INCORPORATED CITY,3,San Fernando Valley Planning Area,3578783.01953125,10539.6098731925
352,1,352,139502,1395.02,3RD SUP. DISTRICT,3RD DISTRICT: SHEILA KUEHL,3,LOS ANGELES,,INCORPORATED CITY,3,San Fernando Valley Planning Area,1533837.28515625,6256.07866378826
353,1,353,139504,1395.04,3RD SUP. DISTRICT,3RD DISTRICT: SHEILA KUEHL,3,LOS ANGELES,,INCORPORATED CITY,3,San Fernando Valley Planning Area,423295.78125,2991.88698571362
354,1,354,139505,1395.05,3RD SUP. DISTRICT,3RD DISTRICT: SHEILA KUEHL,3,LOS ANGELES,,INCORPORATED CITY,3,San Fernando Valley Planning Area,247805.54296875,2455.58156402746
355,1,355,139506,1395.06,3RD SUP. DISTRICT,3RD DISTRICT: SHEILA KUEHL,3,LOS ANGELES,,INCORPORATED CITY,3,San Fernando Valley Planning Area,267250.11328125,2320.47067935518
356,1,356,139600,1396.00,3RD SUP. DISTRICT,3RD DISTRICT: SHEILA KUEHL,3,LOS ANGELES,,INCORPORATED CITY,3,San Fernando Valley Planning Area,3627658.265625,7658.02347451847
357,1,357,139701,1397.01,3RD SUP. DISTRICT,3RD DISTRICT: SHEILA KUEHL,3,LOS ANGELES,,INCORPORATED CITY,3,San Fernando Valley Planning Area,4975925.94140625,12154.9865309603
358,1,358,139703,1397.03,3RD SUP. DISTRICT,3RD DISTRICT: SHEILA KUEHL,3,LOS ANGELES,,INCORPORATED CITY,3,San Fernando Valley Planning Area,6921127.66015625,15267.2133666025
359,1,359,139704,1397.04,3RD SUP. DISTRICT,3RD DISTRICT: SHEILA KUEHL,3,LOS ANGELES,,INCORPORATED CITY,3,San Fernando Valley Planning Area,9294810.5234375,16196.6233898015
360,1,360,139705,1397.05,3RD SUP. DISTRICT,3RD DISTRICT: SHEILA KUEHL,3,LOS ANGELES,,INCORPORATED CITY,3,San Fernando Valley Planning Area,4453957.7421875,14227.9934279494
361,1,361,139801,1398.01,3RD SUP. DISTRICT,3RD DISTRICT: SHEILA KUEHL,3,LOS ANGELES,,INCORPORATED CITY,3,San Fernando Valley Planning Area,5367638.45703125,10247.0306665718
362,1,362,139802,1398.02,3RD SUP. DISTRICT,3RD DISTRICT: SHEILA KUEHL,3,LOS ANGELES,,INCORPORATED CITY,3,San Fernando Valley Planning Area,8892691.3046875,17331.6359743868
363,1,363,141101,1411.01,3RD SUP. DISTRICT,3RD DISTRICT: SHEILA KUEHL,3,LOS ANGELES,,INCORPORATED CITY,3,San Fernando Valley Planning Area,1111220.59375,4326.57924665425
364,1,364,141102,1411.02,3RD SUP. DISTRICT,3RD DISTRICT: SHEILA KUEHL,3,LOS ANGELES,,INCORPORATED CITY,3,San Fernando Valley Planning Area,1140113.234375,5653.88088632262
365,1,365,141201,1412.01,3RD SUP. DISTRICT,3RD DISTRICT: SHEILA KUEHL,3,LOS ANGELES,,INCORPORATED CITY,3,San Fernando Valley Planning Area,1026241.16796875,4466.15053887664
366,1,366,141202,1412.02,3RD SUP. DISTRICT,3RD DISTRICT: SHEILA KUEHL,3,LOS ANGELES,,INCORPORATED CITY,3,San Fernando Valley Planning Area,1024825.703125,4665.7481722051
367,1,367,141303,1413.03,3RD SUP. DISTRICT,3RD DISTRICT: SHEILA KUEHL,3,LOS ANGELES,,INCORPORATED CITY,3,San Fernando Valley Planning Area,384662.01953125,2618.77882175992
368,1,368,141304,1413.04,3RD SUP. DISTRICT,3RD DISTRICT: SHEILA KUEHL,3,LOS ANGELES,,INCORPORATED CITY,3,San Fernando Valley Planning Area,1042572.484375,5215.8922431397
369,1,369,141305,1413.05,3RD SUP. DISTRICT,3RD DISTRICT: SHEILA KUEHL,3,LOS ANGELES,,INCORPORATED CITY,3,San Fernando Valley Planning Area,1011915.30078125,4209.31445384401
370,1,370,141306,1413.06,3RD SUP. DISTRICT,3RD DISTRICT: SHEILA KUEHL,3,LOS ANGELES,,INCORPORATED CITY,3,San Fernando Valley Planning Area,876978.91015625,4590.01357724382
371,1,371,141400,1414.00,3RD SUP. DISTRICT,3RD DISTRICT: SHEILA KUEHL,3,LOS ANGELES,,INCORPORATED CITY,3,San Fernando Valley Planning Area,2902270.9375,7170.3962775043
372,1,372,141500,1415.00,3RD SUP. DISTRICT,3RD DISTRICT: SHEILA KUEHL,3,LOS ANGELES,,INCORPORATED CITY,3,San Fernando Valley Planning Area,4793020.2421875,11592.1421303742
373,1,373,141600,1416.00,3RD SUP. DISTRICT,3RD DISTRICT: SHEILA KUEHL,3,LOS ANGELES,,INCORPORATED CITY,3,San Fernando Valley Planning Area,5714970.94140625,13819.811603136
374,1,374,141700,1417.00,3RD SUP. DISTRICT,3RD DISTRICT: SHEILA KUEHL,3,LOS ANGELES,,INCORPORATED CITY,3,San Fernando Valley Planning Area,4747283.265625,11798.0477348535
380,2,380,143401,1434.01,3RD SUP. DISTRICT,3RD DISTRICT: SHEILA KUEHL,3,LOS ANGELES,,INCORPORATED CITY,3,San Fernando Valley Planning Area,1623658.453125,5520.16233287177
382,2,382,143500,1435.00,3RD SUP. DISTRICT,3RD DISTRICT: SHEILA KUEHL,3,LOS ANGELES,,INCORPORATED CITY,3,San Fernando Valley Planning Area,1812325.08203125,6962.84473318483
390,2,390,143901,1439.01,3RD SUP. DISTRICT,3RD DISTRICT: SHEILA KUEHL,3,LOS ANGELES,,INCORPORATED CITY,3,San Fernando Valley Planning Area,7745374.9453125,15503.9303128904
391,1,391,143902,1439.02,3RD SUP. DISTRICT,3RD DISTRICT: SHEILA KUEHL,3,LOS ANGELES,,INCORPORATED CITY,3,San Fernando Valley Planning Area,3697795.796875,12625.4924668014
450,1,450,189801,1898.01,3RD SUP. DISTRICT,3RD DISTRICT: SHEILA KUEHL,3,LOS ANGELES,,INCORPORATED CITY,5,Westside Planning Area,600501.2890625,3728.05119947174
451,1,451,189802,1898.02,3RD SUP. DISTRICT,3RD DISTRICT: SHEILA KUEHL,3,LOS ANGELES,,INCORPORATED CITY,5,Westside Planning Area,466375.18359375,2903.89981307339
452,1,452,189903,1899.03,3RD SUP. DISTRICT,3RD DISTRICT: SHEILA KUEHL,3,LOS ANGELES,,INCORPORATED CITY,5,Westside Planning Area,122772.8359375,1528.00428679379
453,1,453,189904,1899.04,3RD SUP. DISTRICT,3RD DISTRICT: SHEILA KUEHL,3,LOS ANGELES,,INCORPORATED CITY,5,Westside Planning Area,233341.578125,1946.67947773936
454,1,454,189905,1899.05,3RD SUP. DISTRICT,3RD DISTRICT: SHEILA KUEHL,3,LOS ANGELES,,INCORPORATED CITY,5,Westside Planning Area,377750.29296875,2572.06098663779
455,1,455,189906,1899.06,3RD SUP. DISTRICT,3RD DISTRICT: SHEILA KUEHL,3,LOS ANGELES,,INCORPORATED CITY,5,Westside Planning Area,296442.33984375,2189.81768805791
456,1,456,189907,1899.07,3RD SUP. DISTRICT,3RD DISTRICT: SHEILA KUEHL,3,LOS ANGELES,,INCORPORATED CITY,5,Westside Planning Area,237202.47265625,1948.28254187572
457,1,457,190101,1901.01,3RD SUP. DISTRICT,3RD DISTRICT: SHEILA KUEHL,3,LOS ANGELES,,INCORPORATED CITY,5,Westside Planning Area,328060.7890625,2516.70834759421
458,1,458,190102,1901.02,3RD SUP. DISTRICT,3RD DISTRICT: SHEILA KUEHL,3,LOS ANGELES,,INCORPORATED CITY,5,Westside Planning Area,550048.3203125,3232.43071479605
459,1,459,190201,1902.01,3RD SUP. DISTRICT,3RD DISTRICT: SHEILA KUEHL,3,LOS ANGELES,,INCORPORATED CITY,5,Westside Planning Area,331696.02734375,2560.80475744542
460,2,460,190202,1902.02,3RD SUP. DISTRICT,3RD DISTRICT: SHEILA KUEHL,3,LOS ANGELES,,INCORPORATED CITY,5,Westside Planning Area,309068.17578125,2447.09419189218
461,1,461,190302,1903.02,3RD SUP. DISTRICT,3RD DISTRICT: SHEILA KUEHL,3,LOS ANGELES,,INCORPORATED CITY,5,Metro Planning Area,350684.484375,3472.8328160894
462,3,462,190303,1903.03,3RD SUP. DISTRICT,3RD DISTRICT: SHEILA KUEHL,3,LOS ANGELES,,INCORPORATED CITY,9,Metro Planning Area,239103.64453125,1953.18205957352
465,2,465,190510,1905.10,3RD SUP. DISTRICT,3RD DISTRICT: SHEILA KUEHL,3,LOS ANGELES,,INCORPORATED CITY,5,Metro Planning Area,465503.8125,2938.97473587026
467,1,467,190701,1907.01,3RD SUP. DISTRICT,3RD DISTRICT: SHEILA KUEHL,3,LOS ANGELES,,INCORPORATED CITY,5,Westside Planning Area,646966.51171875,3641.664223178
468,1,468,190702,1907.02,3RD SUP. DISTRICT,3RD DISTRICT: SHEILA KUEHL,3,LOS ANGELES,,INCORPORATED CITY,5,Westside Planning Area,292395.1484375,2177.25100383875
469,1,469,190801,1908.01,3RD SUP. DISTRICT,3RD DISTRICT: SHEILA KUEHL,3,LOS ANGELES,,INCORPORATED CITY,5,Westside Planning Area,473924.5859375,2922.99196211241
470,1,470,190802,1908.02,3RD SUP. DISTRICT,3RD DISTRICT: SHEILA KUEHL,3,LOS ANGELES,,INCORPORATED CITY,5,Westside Planning Area,711573.41015625,3409.93145686991
471,2,471,190901,1909.01,3RD SUP. DISTRICT,3RD DISTRICT: SHEILA KUEHL,3,LOS ANGELES,,INCORPORATED CITY,5,Westside Planning Area,716603.984375,3425.12879519406
472,1,472,190902,1909.02,3RD SUP. DISTRICT,3RD DISTRICT: SHEILA KUEHL,3,LOS ANGELES,,INCORPORATED CITY,5,Westside Planning Area,711912.6328125,3412.67494848786
473,1,473,191000,1910.00,3RD SUP. DISTRICT,3RD DISTRICT: SHEILA KUEHL,3,LOS ANGELES,,INCORPORATED CITY,5,Westside Planning Area,948459.2109375,4120.23761969517
484,2,484,191610,1916.10,3RD SUP. DISTRICT,3RD DISTRICT: SHEILA KUEHL,3,LOS ANGELES,,INCORPORATED CITY,5,Metro Planning Area,610836.74609375,3468.03577315411
485,2,485,191620,1916.20,3RD SUP. DISTRICT,3RD DISTRICT: SHEILA KUEHL,3,LOS ANGELES,,INCORPORATED CITY,9,Metro Planning Area,334501.06640625,2587.61611491726
486,1,486,191710,1917.10,3RD SUP. DISTRICT,3RD DISTRICT: SHEILA KUEHL,3,LOS ANGELES,,INCORPORATED CITY,5,Westside Planning Area,1035729.65625,4865.24262093162
487,2,487,191720,1917.20,3RD SUP. DISTRICT,3RD DISTRICT: SHEILA KUEHL,3,LOS ANGELES,,INCORPORATED CITY,5,Westside Planning Area,386361.03125,2558.92556543488
488,1,488,191810,1918.10,3RD SUP. DISTRICT,3RD DISTRICT: SHEILA KUEHL,3,LOS ANGELES,,INCORPORATED CITY,5,Westside Planning Area,590878.65234375,3399.62633316472
489,1,489,191820,1918.20,3RD SUP. DISTRICT,3RD DISTRICT: SHEILA KUEHL,3,LOS ANGELES,,INCORPORATED CITY,5,Westside Planning Area,591542.08984375,3401.5550799762
490,1,490,191901,1919.01,3RD SUP. DISTRICT,3RD DISTRICT: SHEILA KUEHL,3,LOS ANGELES,,INCORPORATED CITY,5,Westside Planning Area,1130166.76171875,4378.12744125627
491,2,491,191902,1919.02,3RD SUP. DISTRICT,3RD DISTRICT: SHEILA KUEHL,3,LOS ANGELES,,INCORPORATED CITY,5,Westside Planning Area,1061486.765625,4261.91054237651
492,2,492,192001,1920.01,3RD SUP. DISTRICT,3RD DISTRICT: SHEILA KUEHL,3,LOS ANGELES,,INCORPORATED CITY,5,Westside Planning Area,775758.78515625,4272.67979893198
493,1,493,192002,1920.02,3RD SUP. DISTRICT,3RD DISTRICT: SHEILA KUEHL,3,LOS ANGELES,,INCORPORATED CITY,5,Westside Planning Area,1254436.046875,4719.92014749902
494,2,494,192300,1923.00,3RD SUP. DISTRICT,3RD DISTRICT: SHEILA KUEHL,3,LOS ANGELES,,INCORPORATED CITY,5,Westside Planning Area,1285258.59765625,4605.30561900934
495,2,495,192410,1924.10,3RD SUP. DISTRICT,3RD DISTRICT: SHEILA KUEHL,3,LOS ANGELES,,INCORPORATED CITY,5,Westside Planning Area,999428.60546875,3999.12803184542
496,2,496,192420,1924.20,3RD SUP. DISTRICT,3RD DISTRICT: SHEILA KUEHL,3,LOS ANGELES,,INCORPORATED CITY,5,Westside Planning Area,474802.9921875,2926.21507652174
497,2,497,192510,1925.10,3RD SUP. DISTRICT,3RD DISTRICT: SHEILA KUEHL,3,LOS ANGELES,,INCORPORATED CITY,5,Metro Planning Area,497956.59765625,2993.23419096686
498,2,498,192520,1925.20,3RD SUP. DISTRICT,3RD DISTRICT: SHEILA KUEHL,3,LOS ANGELES,,INCORPORATED CITY,9,Metro Planning Area,449815.19921875,2878.87407536595
499,2,499,192610,1926.10,3RD SUP. DISTRICT,3RD DISTRICT: SHEILA KUEHL,3,LOS ANGELES,,INCORPORATED CITY,9,Metro Planning Area,607082.3828125,3370.03746741416
500,3,500,192620,1926.20,3RD SUP. DISTRICT,3RD DISTRICT: SHEILA KUEHL,3,LOS ANGELES,,INCORPORATED CITY,9,Metro Planning Area,355910.84375,2675.50103706065
502,2,502,194101,1941.01,3RD SUP. DISTRICT,3RD DISTRICT: SHEILA KUEHL,3,LOS ANGELES,,INCORPORATED CITY,3,Westside Planning Area,3718641.53125,12497.051754538
503,2,503,194102,1941.02,3RD SUP. DISTRICT,3RD DISTRICT: SHEILA KUEHL,3,LOS ANGELES,,INCORPORATED CITY,3,Westside Planning Area,5124376.484375,14117.5011612458
504,1,504,194200,1942.00,3RD SUP. DISTRICT,3RD DISTRICT: SHEILA KUEHL,3,LOS ANGELES,,INCORPORATED CITY,5,Westside Planning Area,3806358.703125,10893.1151535029
505,1,505,194300,1943.00,3RD SUP. DISTRICT,3RD DISTRICT: SHEILA KUEHL,3,LOS ANGELES,,INCORPORATED CITY,5,Westside Planning Area,3613017.859375,13014.6685281239
506,1,506,194401,1944.01,3RD SUP. DISTRICT,3RD DISTRICT: SHEILA KUEHL,3,LOS ANGELES,,INCORPORATED CITY,5,Westside Planning Area,680712.640625,3594.42071160135
507,1,507,194402,1944.02,3RD SUP. DISTRICT,3RD DISTRICT: SHEILA KUEHL,3,LOS ANGELES,,INCORPORATED CITY,5,Westside Planning Area,861090.5546875,5343.88853085579
508,2,508,194500,1945.00,3RD SUP. DISTRICT,3RD DISTRICT: SHEILA KUEHL,3,LOS ANGELES,,INCORPORATED CITY,5,Westside Planning Area,1001492.6328125,5513.36133774191
687,2,687,214000,2140.00,3RD SUP. DISTRICT,3RD DISTRICT: SHEILA KUEHL,3,LOS ANGELES,,INCORPORATED CITY,5,Westside Planning Area,1478049.9765625,4921.83854779675
689,2,689,214400,2144.00,3RD SUP. DISTRICT,3RD DISTRICT: SHEILA KUEHL,3,LOS ANGELES,,INCORPORATED CITY,5,Westside Planning Area,503053.37890625,2930.31053739997
694,2,694,214600,2146.00,3RD SUP. DISTRICT,3RD DISTRICT: SHEILA KUEHL,3,LOS ANGELES,,INCORPORATED CITY,5,Westside Planning Area,849184.81640625,3724.62244362891
695,2,695,214700,2147.00,3RD SUP. DISTRICT,3RD DISTRICT: SHEILA KUEHL,3,LOS ANGELES,,INCORPORATED CITY,5,Westside Planning Area,866815.53515625,3766.21227753535
696,2,696,214800,2148.00,3RD SUP. DISTRICT,3RD DISTRICT: SHEILA KUEHL,3,LOS ANGELES,,INCORPORATED CITY,5,Westside Planning Area,843141.890625,4144.85299224422
697,1,697,214902,2149.02,3RD SUP. DISTRICT,3RD DISTRICT: SHEILA KUEHL,3,LOS ANGELES,,INCORPORATED CITY,5,Westside Planning Area,741073.9765625,3608.26070779631
698,1,698,214903,2149.03,3RD SUP. DISTRICT,3RD DISTRICT: SHEILA KUEHL,3,LOS ANGELES,,INCORPORATED CITY,5,Westside Planning Area,199414.984375,2066.42334437161
699,1,699,214904,2149.04,3RD SUP. DISTRICT,3RD DISTRICT: SHEILA KUEHL,3,LOS ANGELES,,INCORPORATED CITY,5,Westside Planning Area,257459.359375,2055.66275621194
707,2,707,216401,2164.01,3RD SUP. DISTRICT,3RD DISTRICT: SHEILA KUEHL,3,LOS ANGELES,,INCORPORATED CITY,5,Westside Planning Area,601048.09765625,3175.6859035786
708,1,708,216402,2164.02,3RD SUP. DISTRICT,3RD DISTRICT: SHEILA KUEHL,3,LOS ANGELES,,INCORPORATED CITY,5,Westside Planning Area,335152.140625,2357.09433646116
713,1,713,217001,2170.01,3RD SUP. DISTRICT,3RD DISTRICT: SHEILA KUEHL,3,LOS ANGELES,,INCORPORATED CITY,5,Westside Planning Area,801096.5234375,4032.58775345855
714,2,714,217002,2170.02,3RD SUP. DISTRICT,3RD DISTRICT: SHEILA KUEHL,3,LOS ANGELES,,INCORPORATED CITY,5,Westside Planning Area,1126406.84765625,4251.06702959116
912,1,912,261102,2611.02,3RD SUP. DISTRICT,3RD DISTRICT: SHEILA KUEHL,3,LOS ANGELES,,INCORPORATED CITY,3,Westside Planning Area,11630146.6757813,20911.7026607814
913,1,913,261103,2611.03,3RD SUP. DISTRICT,3RD DISTRICT: SHEILA KUEHL,3,LOS ANGELES,,INCORPORATED CITY,3,Westside Planning Area,3042444.8515625,10259.3231516647
914,1,914,261104,2611.04,3RD SUP. DISTRICT,3RD DISTRICT: SHEILA KUEHL,3,LOS ANGELES,,INCORPORATED CITY,3,Westside Planning Area,6724386.86328125,16843.4391148128
915,1,915,261200,2612.00,3RD SUP. DISTRICT,3RD DISTRICT: SHEILA KUEHL,3,LOS ANGELES,,INCORPORATED CITY,3,Westside Planning Area,11101045.4101563,21982.8241264732
916,1,916,262100,2621.00,3RD SUP. DISTRICT,3RD DISTRICT: SHEILA KUEHL,3,LOS ANGELES,,INCORPORATED CITY,3,Westside Planning Area,12823488.4609375,25936.810222577
917,1,917,262200,2622.00,3RD SUP. DISTRICT,3RD DISTRICT: SHEILA KUEHL,3,LOS ANGELES,,INCORPORATED CITY,3,Westside Planning Area,12528138.9648438,19270.8346677587
918,1,918,262301,2623.01,3RD SUP. DISTRICT,3RD DISTRICT: SHEILA KUEHL,3,LOS ANGELES,,INCORPORATED CITY,3,Westside Planning Area,19091957.8398438,27479.6589105501
919,1,919,262302,2623.02,3RD SUP. DISTRICT,3RD DISTRICT: SHEILA KUEHL,3,LOS ANGELES,,INCORPORATED CITY,5,Westside Planning Area,4476449.83984375,11955.6366566966
920,1,920,262303,2623.03,3RD SUP. DISTRICT,3RD DISTRICT: SHEILA KUEHL,3,LOS ANGELES,,INCORPORATED CITY,5,Westside Planning Area,3819228.671875,10774.0053879813
921,1,921,262400,2624.00,3RD SUP. DISTRICT,3RD DISTRICT: SHEILA KUEHL,3,LOS ANGELES,,INCORPORATED CITY,3,Westside Planning Area,16472348.3125,27700.9198870076
922,1,922,262501,2625.01,3RD SUP. DISTRICT,3RD DISTRICT: SHEILA KUEHL,3,LOS ANGELES,,INCORPORATED CITY,5,Westside Planning Area,2392622.11328125,7341.45397728731
923,1,923,262601,2626.01,3RD SUP. DISTRICT,3RD DISTRICT: SHEILA KUEHL,3,LOS ANGELES,,INCORPORATED CITY,5,Westside Planning Area,5289912.55078125,13057.9516158008
924,1,924,262604,2626.04,3RD SUP. DISTRICT,3RD DISTRICT: SHEILA KUEHL,3,LOS ANGELES,,INCORPORATED CITY,4,Westside Planning Area,8771089.16015625,20091.327047502
925,1,925,262704,2627.04,3RD SUP. DISTRICT,3RD DISTRICT: SHEILA KUEHL,3,LOS ANGELES,,INCORPORATED CITY,5,Westside Planning Area,3613776.56640625,10005.7234524262
926,1,926,262706,2627.06,3RD SUP. DISTRICT,3RD DISTRICT: SHEILA KUEHL,3,LOS ANGELES,,INCORPORATED CITY,5,Westside Planning Area,4130506.2578125,8735.95214097069
927,1,927,262802,2628.02,3RD SUP. DISTRICT,3RD DISTRICT: SHEILA KUEHL,3,LOS ANGELES,,INCORPORATED CITY,5,Westside Planning Area,4969869.78125,14788.0453852158
928,1,928,264000,2640.00,3RD SUP. DISTRICT,3RD DISTRICT: SHEILA KUEHL,3,LOS ANGELES,,INCORPORATED CITY,5,Westside Planning Area,2728263.09375,8462.27747259627
929,1,929,264102,2641.02,3RD SUP. DISTRICT,3RD DISTRICT: SHEILA KUEHL,3,LOS ANGELES,,INCORPORATED CITY,5,Westside Planning Area,579128.71484375,3778.40383188531
930,1,930,264103,2641.03,3RD SUP. DISTRICT,3RD DISTRICT: SHEILA KUEHL,3,LOS ANGELES,,INCORPORATED CITY,5,Westside Planning Area,336682.3125,2713.59927209849
931,1,931,264303,2643.03,3RD SUP. DISTRICT,3RD DISTRICT: SHEILA KUEHL,3,LOS ANGELES,,INCORPORATED CITY,5,Westside Planning Area,316110.75,2476.44162217277
932,1,932,264304,2643.04,3RD SUP. DISTRICT,3RD DISTRICT: SHEILA KUEHL,3,LOS ANGELES,,INCORPORATED CITY,5,Westside Planning Area,297489.66015625,2672.1290714318
933,1,933,264305,2643.05,3RD SUP. DISTRICT,3RD DISTRICT: SHEILA KUEHL,3,LOS ANGELES,,INCORPORATED CITY,5,Westside Planning Area,1965134.18359375,7205.55149487782
934,1,934,264306,2643.06,3RD SUP. DISTRICT,3RD DISTRICT: SHEILA KUEHL,3,LOS ANGELES,,INCORPORATED CITY,5,Westside Planning Area,520767.04296875,3348.29834967881
935,1,935,265100,2651.00,3RD SUP. DISTRICT,3RD DISTRICT: SHEILA KUEHL,3,LOS ANGELES,,INCORPORATED CITY,5,Westside Planning Area,3451306.51953125,8993.09516807067
936,1,936,265201,2652.01,3RD SUP. DISTRICT,3RD DISTRICT: SHEILA KUEHL,3,LOS ANGELES,,INCORPORATED CITY,5,Westside Planning Area,641080.03515625,4383.55527449736
937,1,937,265203,2652.03,3RD SUP. DISTRICT,3RD DISTRICT: SHEILA KUEHL,3,LOS ANGELES,,INCORPORATED CITY,5,Westside Planning Area,452895.76171875,3124.23361214697
938,1,938,265204,2652.04,3RD SUP. DISTRICT,3RD DISTRICT: SHEILA KUEHL,3,LOS ANGELES,,INCORPORATED CITY,5,Westside Planning Area,387501.46875,2768.81484739153
939,1,939,265301,2653.01,3RD SUP. DISTRICT,3RD DISTRICT: SHEILA KUEHL,3,LOS ANGELES,,INCORPORATED CITY,5,Westside Planning Area,2331577.30078125,7553.29744521771
940,1,940,265303,2653.03,3RD SUP. DISTRICT,3RD DISTRICT: SHEILA KUEHL,3,LOS ANGELES,,INCORPORATED CITY,5,Westside Planning Area,216214.44921875,2120.80500483767
941,1,941,265304,2653.04,3RD SUP. DISTRICT,3RD DISTRICT: SHEILA KUEHL,3,LOS ANGELES,,INCORPORATED CITY,5,Westside Planning Area,191360.609375,2170.44858864381
942,1,942,265306,2653.06,3RD SUP. DISTRICT,3RD DISTRICT: SHEILA KUEHL,3,LOS ANGELES,,INCORPORATED CITY,5,Westside Planning Area,136222.05078125,1702.1456402928
943,1,943,265307,2653.07,3RD SUP. DISTRICT,3RD DISTRICT: SHEILA KUEHL,3,LOS ANGELES,,INCORPORATED CITY,5,Westside Planning Area,317810.9140625,2890.31948838051
944,1,944,265410,2654.10,3RD SUP. DISTRICT,3RD DISTRICT: SHEILA KUEHL,3,LOS ANGELES,,INCORPORATED CITY,5,Westside Planning Area,1038010.79296875,5921.0800150928
945,1,945,265420,2654.20,3RD SUP. DISTRICT,3RD DISTRICT: SHEILA KUEHL,3,LOS ANGELES,,INCORPORATED CITY,5,Westside Planning Area,1067690.16015625,4547.17942027166
946,1,946,265521,2655.21,3RD SUP. DISTRICT,3RD DISTRICT: SHEILA KUEHL,3,LOS ANGELES,,INCORPORATED CITY,5,Westside Planning Area,191319.47265625,2060.06589898076
947,1,947,265522,2655.22,3RD SUP. DISTRICT,3RD DISTRICT: SHEILA KUEHL,3,LOS ANGELES,,INCORPORATED CITY,5,Westside Planning Area,368757.57421875,2903.70911660441
948,1,948,265523,2655.23,3RD SUP. DISTRICT,3RD DISTRICT: SHEILA KUEHL,3,LOS ANGELES,,INCORPORATED CITY,5,Westside Planning Area,494312.60546875,2816.30902177421
949,1,949,265524,2655.24,3RD SUP. DISTRICT,3RD DISTRICT: SHEILA KUEHL,3,LOS ANGELES,,INCORPORATED CITY,5,Westside Planning Area,626111.01171875,3290.3573428098
950,1,950,265601,2656.01,3RD SUP. DISTRICT,3RD DISTRICT: SHEILA KUEHL,3,LOS ANGELES,,INCORPORATED CITY,5,Westside Planning Area,910066.69140625,4223.45462774091
951,1,951,265602,2656.02,3RD SUP. DISTRICT,3RD DISTRICT: SHEILA KUEHL,3,LOS ANGELES,,INCORPORATED CITY,5,Westside Planning Area,490651.9921875,3417.56847807581
952,1,952,265701,2657.01,3RD SUP. DISTRICT,3RD DISTRICT: SHEILA KUEHL,3,LOS ANGELES,,INCORPORATED CITY,5,Westside Planning Area,1252922.48046875,5736.92716769333
953,1,953,265702,2657.02,3RD SUP. DISTRICT,3RD DISTRICT: SHEILA KUEHL,3,LOS ANGELES,,INCORPORATED CITY,5,Westside Planning Area,548375.4453125,3233.19518904668
954,1,954,267101,2671.01,3RD SUP. DISTRICT,3RD DISTRICT: SHEILA KUEHL,3,LOS ANGELES,,INCORPORATED CITY,5,Westside Planning Area,707397.05078125,3454.05655299257
955,1,955,267102,2671.02,3RD SUP. DISTRICT,3RD DISTRICT: SHEILA KUEHL,3,LOS ANGELES,,INCORPORATED CITY,5,Westside Planning Area,904858.9609375,3944.32242090499
956,1,956,267201,2672.01,3RD SUP. DISTRICT,3RD DISTRICT: SHEILA KUEHL,3,LOS ANGELES,,INCORPORATED CITY,5,Westside Planning Area,875879.78125,3900.03246809067
957,1,957,267202,2672.02,3RD SUP. DISTRICT,3RD DISTRICT: SHEILA KUEHL,3,LOS ANGELES,,INCORPORATED CITY,5,Westside Planning Area,840966.32421875,3759.57436943208
958,1,958,267300,2673.00,3RD SUP. DISTRICT,3RD DISTRICT: SHEILA KUEHL,3,LOS ANGELES,,INCORPORATED CITY,5,Westside Planning Area,628315.25390625,3195.63775669996
959,1,959,267403,2674.03,3RD SUP. DISTRICT,3RD DISTRICT: SHEILA KUEHL,3,LOS ANGELES,,INCORPORATED CITY,5,Westside Planning Area,342024.75390625,2896.34905034251
960,1,960,267404,2674.04,3RD SUP. DISTRICT,3RD DISTRICT: SHEILA KUEHL,3,LOS ANGELES,,INCORPORATED CITY,5,Westside Planning Area,415344.58984375,2715.63076997844
961,1,961,267405,2674.05,3RD SUP. DISTRICT,3RD DISTRICT: SHEILA KUEHL,3,LOS ANGELES,,INCORPORATED CITY,5,Westside Planning Area,311991.89453125,2257.66171956228
962,1,962,267406,2674.06,3RD SUP. DISTRICT,3RD DISTRICT: SHEILA KUEHL,3,LOS ANGELES,,INCORPORATED CITY,5,Westside Planning Area,314151.80078125,2327.81184614937
963,1,963,267502,2675.02,3RD SUP. DISTRICT,3RD DISTRICT: SHEILA KUEHL,3,LOS ANGELES,,INCORPORATED CITY,5,Westside Planning Area,634646.171875,3286.98167192978
964,1,964,267503,2675.03,3RD SUP. DISTRICT,3RD DISTRICT: SHEILA KUEHL,3,LOS ANGELES,,INCORPORATED CITY,5,Westside Planning Area,288439.609375,2255.78969831204
965,1,965,267504,2675.04,3RD SUP. DISTRICT,3RD DISTRICT: SHEILA KUEHL,3,LOS ANGELES,,INCORPORATED CITY,5,Westside Planning Area,374205.671875,2555.52695096587
966,1,966,267600,2676.00,3RD SUP. DISTRICT,3RD DISTRICT: SHEILA KUEHL,3,LOS ANGELES,,INCORPORATED CITY,5,Westside Planning Area,1858455.46875,5603.77188153757
967,1,967,267700,2677.00,3RD SUP. DISTRICT,3RD DISTRICT: SHEILA KUEHL,3,LOS ANGELES,,INCORPORATED CITY,5,Westside Planning Area,1189365.84375,4490.08387455881
968,1,968,267800,2678.00,3RD SUP. DISTRICT,3RD DISTRICT: SHEILA KUEHL,3,LOS ANGELES,,INCORPORATED CITY,5,Westside Planning Area,1680715.71875,5482.75401518271
969,1,969,267901,2679.01,3RD SUP. DISTRICT,3RD DISTRICT: SHEILA KUEHL,3,LOS ANGELES,,INCORPORATED CITY,5,Westside Planning Area,1635303.94921875,5592.74736661358
970,1,970,267902,2679.02,3RD SUP. DISTRICT,3RD DISTRICT: SHEILA KUEHL,3,LOS ANGELES,,INCORPORATED CITY,5,Westside Planning Area,1136183.97265625,4736.91657801309
971,1,971,269000,2690.00,3RD SUP. DISTRICT,3RD DISTRICT: SHEILA KUEHL,3,LOS ANGELES,,INCORPORATED CITY,5,Westside Planning Area,3350508.1875,11104.4740140553
972,1,972,269100,2691.00,3RD SUP. DISTRICT,3RD DISTRICT: SHEILA KUEHL,3,LOS ANGELES,,INCORPORATED CITY,5,Westside Planning Area,1225711.6796875,4589.6605733175
973,1,973,269300,2693.00,3RD SUP. DISTRICT,3RD DISTRICT: SHEILA KUEHL,3,LOS ANGELES,,INCORPORATED CITY,5,Westside Planning Area,3224513.953125,7491.17061992369
974,1,974,269500,2695.00,3RD SUP. DISTRICT,3RD DISTRICT: SHEILA KUEHL,3,LOS ANGELES,,INCORPORATED CITY,5,Westside Planning Area,2021109.6796875,6652.63002065552
975,2,975,269601,2696.01,3RD SUP. DISTRICT,3RD DISTRICT: SHEILA KUEHL,3,LOS ANGELES,,INCORPORATED CITY,5,Westside Planning Area,487160.85546875,2790.68113849867
976,1,976,269602,2696.02,3RD SUP. DISTRICT,3RD DISTRICT: SHEILA KUEHL,3,LOS ANGELES,,INCORPORATED CITY,5,Westside Planning Area,424298.26171875,2699.34373768886
977,2,977,269700,2697.00,3RD SUP. DISTRICT,3RD DISTRICT: SHEILA KUEHL,3,LOS ANGELES,,INCORPORATED CITY,5,Westside Planning Area,1310395.5234375,5437.78877145698
978,1,978,269800,2698.00,3RD SUP. DISTRICT,3RD DISTRICT: SHEILA KUEHL,3,LOS ANGELES,,INCORPORATED CITY,5,Westside Planning Area,681820.91015625,4429.55263967088
979,2,979,269903,2699.03,3RD SUP. DISTRICT,3RD DISTRICT: SHEILA KUEHL,3,LOS ANGELES,,INCORPORATED CITY,5,Westside Planning Area,414201.859375,2839.39761711877
980,2,980,269905,2699.05,3RD SUP. DISTRICT,3RD DISTRICT: SHEILA KUEHL,3,LOS ANGELES,,INCORPORATED CITY,5,Westside Planning Area,347375.56640625,3063.12100699415
981,1,981,269906,2699.06,3RD SUP. DISTRICT,3RD DISTRICT: SHEILA KUEHL,3,LOS ANGELES,,INCORPORATED CITY,5,Westside Planning Area,303566.5078125,2748.00057832493
982,1,982,269907,2699.07,3RD SUP. DISTRICT,3RD DISTRICT: SHEILA KUEHL,3,LOS ANGELES,,INCORPORATED CITY,5,Westside Planning Area,404009.3046875,2807.8141767145
983,1,983,269908,2699.08,3RD SUP. DISTRICT,3RD DISTRICT: SHEILA KUEHL,3,LOS ANGELES,,INCORPORATED CITY,5,Westside Planning Area,244421.3515625,2431.22725393201
984,1,984,269909,2699.09,3RD SUP. DISTRICT,3RD DISTRICT: SHEILA KUEHL,3,LOS ANGELES,,INCORPORATED CITY,5,Westside Planning Area,247971.30859375,2199.1080084628
985,2,985,270101,2701.01,3RD SUP. DISTRICT,3RD DISTRICT: SHEILA KUEHL,3,LOS ANGELES,,INCORPORATED CITY,5,Westside Planning Area,546636.765625,4433.88426644343
986,2,986,270102,2701.02,3RD SUP. DISTRICT,3RD DISTRICT: SHEILA KUEHL,3,LOS ANGELES,,INCORPORATED CITY,5,Westside Planning Area,286536.1796875,2807.91131436776
987,2,987,270200,2702.00,3RD SUP. DISTRICT,3RD DISTRICT: SHEILA KUEHL,3,LOS ANGELES,,INCORPORATED CITY,5,Westside Planning Area,1115570.02734375,5270.60511354947
989,1,989,271100,2711.00,3RD SUP. DISTRICT,3RD DISTRICT: SHEILA KUEHL,3,LOS ANGELES,,INCORPORATED CITY,5,Westside Planning Area,1174224.30859375,5205.34347503144
990,1,990,271200,2712.00,3RD SUP. DISTRICT,3RD DISTRICT: SHEILA KUEHL,3,LOS ANGELES,,INCORPORATED CITY,5,Westside Planning Area,765574.390625,5034.5147731641
991,1,991,271300,2713.00,3RD SUP. DISTRICT,3RD DISTRICT: SHEILA KUEHL,3,LOS ANGELES,,INCORPORATED CITY,5,Westside Planning Area,2146052.85546875,7122.2217562877
992,1,992,271400,2714.00,3RD SUP. DISTRICT,3RD DISTRICT: SHEILA KUEHL,3,LOS ANGELES,,INCORPORATED CITY,5,Westside Planning Area,1676434.62109375,5340.35092658615
993,1,993,271500,2715.00,3RD SUP. DISTRICT,3RD DISTRICT: SHEILA KUEHL,3,LOS ANGELES,,INCORPORATED CITY,5,Westside Planning Area,1327984.63671875,4809.00848647559
994,1,994,271600,2716.00,3RD SUP. DISTRICT,3RD DISTRICT: SHEILA KUEHL,3,LOS ANGELES,,INCORPORATED CITY,5,Westside Planning Area,1321391.5859375,4629.30196521159
995,1,995,271702,2717.02,3RD SUP. DISTRICT,3RD DISTRICT: SHEILA KUEHL,3,LOS ANGELES,,INCORPORATED CITY,5,Westside Planning Area,1031168.7421875,4908.23160120629
996,1,996,271703,2717.03,3RD SUP. DISTRICT,3RD DISTRICT: SHEILA KUEHL,3,LOS ANGELES,,INCORPORATED CITY,5,Westside Planning Area,661619.3046875,4506.18764792337
997,1,997,271704,2717.04,3RD SUP. DISTRICT,3RD DISTRICT: SHEILA KUEHL,3,LOS ANGELES,,INCORPORATED CITY,5,Westside Planning Area,793658.86328125,4369.30317934397
998,2,998,271801,2718.01,3RD SUP. DISTRICT,3RD DISTRICT: SHEILA KUEHL,3,LOS ANGELES,,INCORPORATED CITY,5,Westside Planning Area,700316.93359375,3538.83540474484
999,2,999,271803,2718.03,3RD SUP. DISTRICT,3RD DISTRICT: SHEILA KUEHL,3,LOS ANGELES,,INCORPORATED CITY,5,Westside Planning Area,333590.9921875,2332.8506683155
1000,2,1000,271804,2718.04,3RD SUP. DISTRICT,3RD DISTRICT: SHEILA KUEHL,3,LOS ANGELES,,INCORPORATED CITY,5,Westside Planning Area,509028.40625,3722.5361243357
1001,2,1001,271901,2719.01,3RD SUP. DISTRICT,3RD DISTRICT: SHEILA KUEHL,3,LOS ANGELES,,INCORPORATED CITY,5,Westside Planning Area,960351.99609375,3942.82929060328
1002,1,1002,271902,2719.02,3RD SUP. DISTRICT,3RD DISTRICT: SHEILA KUEHL,3,LOS ANGELES,,INCORPORATED CITY,5,Westside Planning Area,1348382.4921875,4694.01017311075
1003,1,1003,272100,2721.00,3RD SUP. DISTRICT,3RD DISTRICT: SHEILA KUEHL,3,LOS ANGELES,,INCORPORATED CITY,5,Westside Planning Area,1749493.48046875,5454.44709965783
1004,2,1004,272201,2722.01,3RD SUP. DISTRICT,3RD DISTRICT: SHEILA KUEHL,3,LOS ANGELES,,INCORPORATED CITY,5,Westside Planning Area,379253.5546875,2466.54024259741
1005,2,1005,272202,2722.02,3RD SUP. DISTRICT,3RD DISTRICT: SHEILA KUEHL,3,LOS ANGELES,,INCORPORATED CITY,5,Westside Planning Area,451540.95703125,3233.4067686114
1006,2,1006,272301,2723.01,3RD SUP. DISTRICT,3RD DISTRICT: SHEILA KUEHL,3,LOS ANGELES,,INCORPORATED CITY,5,Westside Planning Area,881160.85546875,4687.30026008808
1007,2,1007,272302,2723.02,3RD SUP. DISTRICT,3RD DISTRICT: SHEILA KUEHL,3,LOS ANGELES,,INCORPORATED CITY,5,Westside Planning Area,736844.2734375,3889.28787156342
1008,1,1008,273100,2731.00,3RD SUP. DISTRICT,3RD DISTRICT: SHEILA KUEHL,3,LOS ANGELES,,INCORPORATED CITY,5,Westside Planning Area,1716981.41796875,5715.43665267855
1009,1,1009,273200,2732.00,3RD SUP. DISTRICT,3RD DISTRICT: SHEILA KUEHL,3,LOS ANGELES,,INCORPORATED CITY,5,Westside Planning Area,936274.69140625,4236.81293855016
1010,1,1010,273300,2733.00,3RD SUP. DISTRICT,3RD DISTRICT: SHEILA KUEHL,3,LOS ANGELES,,INCORPORATED CITY,5,Westside Planning Area,834697.5390625,4132.25093875978
1011,1,1011,273403,2734.03,3RD SUP. DISTRICT,3RD DISTRICT: SHEILA KUEHL,3,LOS ANGELES,,INCORPORATED CITY,5,Westside Planning Area,1161877.76171875,5011.38319094842
1012,1,1012,273404,2734.04,3RD SUP. DISTRICT,3RD DISTRICT: SHEILA KUEHL,3,LOS ANGELES,,INCORPORATED CITY,5,Westside Planning Area,315406.94140625,2705.47034556537
1013,1,1013,273502,2735.02,3RD SUP. DISTRICT,3RD DISTRICT: SHEILA KUEHL,3,LOS ANGELES,,INCORPORATED CITY,5,Westside Planning Area,1147079.6484375,4879.99379632166
1014,1,1014,273600,2736.00,3RD SUP. DISTRICT,3RD DISTRICT: SHEILA KUEHL,3,LOS ANGELES,,INCORPORATED CITY,5,Westside Planning Area,858493.87890625,3961.88462277457
1015,1,1015,273700,2737.00,3RD SUP. DISTRICT,3RD DISTRICT: SHEILA KUEHL,3,LOS ANGELES,,INCORPORATED CITY,5,Westside Planning Area,1006933.5859375,4050.92913361373
1016,2,1016,273800,2738.00,3RD SUP. DISTRICT,3RD DISTRICT: SHEILA KUEHL,3,LOS ANGELES,,INCORPORATED CITY,5,Westside Planning Area,1081583.140625,6061.62722846928
1017,2,1017,273902,2739.02,3RD SUP. DISTRICT,3RD DISTRICT: SHEILA KUEHL,3,LOS ANGELES,,INCORPORATED CITY,5,Westside Planning Area,1735938.33984375,6031.03272242156
1173,1,1173,320101,3201.01,3RD SUP. DISTRICT,3RD DISTRICT: SHEILA KUEHL,3,SAN FERNANDO,,INCORPORATED CITY,3,San Fernando Valley Planning Area,999605.3046875,4004.71592519163
1174,1,1174,320102,3201.02,3RD SUP. DISTRICT,3RD DISTRICT: SHEILA KUEHL,3,SAN FERNANDO,,INCORPORATED CITY,3,San Fernando Valley Planning Area,1800452.70703125,6041.41040554988
1175,1,1175,320201,3202.01,3RD SUP. DISTRICT,3RD DISTRICT: SHEILA KUEHL,3,SAN FERNANDO,,INCORPORATED CITY,3,San Fernando Valley Planning Area,1349862.5390625,6079.3690336263
1176,1,1176,320202,3202.02,3RD SUP. DISTRICT,3RD DISTRICT: SHEILA KUEHL,3,SAN FERNANDO,,INCORPORATED CITY,3,San Fernando Valley Planning Area,2371930.70703125,6841.74205277212
1177,1,1177,320300,3203.00,3RD SUP. DISTRICT,3RD DISTRICT: SHEILA KUEHL,3,SAN FERNANDO,,INCORPORATED CITY,3,San Fernando Valley Planning Area,2517804.06640625,6773.97480127711
2238,1,2238,700101,7001.01,3RD SUP. DISTRICT,3RD DISTRICT: SHEILA KUEHL,3,WEST HOLLYWOOD,,INCORPORATED CITY,5,Westside Planning Area,985375.8984375,5012.90340888707
2239,1,2239,700102,7001.02,3RD SUP. DISTRICT,3RD DISTRICT: SHEILA KUEHL,3,WEST HOLLYWOOD,,INCORPORATED CITY,5,Westside Planning Area,717644.26171875,4992.9516208144
2240,1,2240,700200,7002.00,3RD SUP. DISTRICT,3RD DISTRICT: SHEILA KUEHL,3,WEST HOLLYWOOD,,INCORPORATED CITY,5,Westside Planning Area,1021780.734375,5190.02015915023
2241,1,2241,700300,7003.00,3RD SUP. DISTRICT,3RD DISTRICT: SHEILA KUEHL,3,WEST HOLLYWOOD,,INCORPORATED CITY,5,Westside Planning Area,887513.86328125,5249.17506087664
2242,1,2242,700400,7004.00,3RD SUP. DISTRICT,3RD DISTRICT: SHEILA KUEHL,3,WEST HOLLYWOOD,,INCORPORATED CITY,5,Westside Planning Area,1923130.4453125,7847.58355144566
2243,1,2243,700501,7005.01,3RD SUP. DISTRICT,3RD DISTRICT: SHEILA KUEHL,3,WEST HOLLYWOOD,,INCORPORATED CITY,5,Westside Planning Area,873256.12109375,5555.61244576982
2244,1,2244,700502,7005.02,3RD SUP. DISTRICT,3RD DISTRICT: SHEILA KUEHL,3,WEST HOLLYWOOD,,INCORPORATED CITY,5,Westside Planning Area,736765.09765625,3984.07519382643
2245,1,2245,700600,7006.00,3RD SUP. DISTRICT,3RD DISTRICT: SHEILA KUEHL,3,BEVERLY HILLS,,INCORPORATED CITY,5,Westside Planning Area,8309003.37890625,17405.3273625755
2246,1,2246,700700,7007.00,3RD SUP. DISTRICT,3RD DISTRICT: SHEILA KUEHL,3,BEVERLY HILLS,,INCORPORATED CITY,5,Westside Planning Area,5159575.84765625,11848.6599726627
2247,1,2247,700801,7008.01,3RD SUP. DISTRICT,3RD DISTRICT: SHEILA KUEHL,3,BEVERLY HILLS,,INCORPORATED CITY,5,Westside Planning Area,2125542.9609375,7395.17923874055
2248,2,2248,700802,7008.02,3RD SUP. DISTRICT,3RD DISTRICT: SHEILA KUEHL,3,BEVERLY HILLS,,INCORPORATED CITY,5,Westside Planning Area,1001262.66796875,5556.63292378619
2249,2,2249,700901,7009.01,3RD SUP. DISTRICT,3RD DISTRICT: SHEILA KUEHL,3,BEVERLY HILLS,,INCORPORATED CITY,5,Westside Planning Area,1539161.40625,6942.43797403494
2250,1,2250,700902,7009.02,3RD SUP. DISTRICT,3RD DISTRICT: SHEILA KUEHL,3,BEVERLY HILLS,,INCORPORATED CITY,5,Westside Planning Area,1394190.4609375,4769.61579258163
2251,1,2251,701000,7010.00,3RD SUP. DISTRICT,3RD DISTRICT: SHEILA KUEHL,3,BEVERLY HILLS,,INCORPORATED CITY,5,Westside Planning Area,2077955.5390625,6949.47994453044
2252,1,2252,701201,7012.01,3RD SUP. DISTRICT,3RD DISTRICT: SHEILA KUEHL,3,SANTA MONICA,,INCORPORATED CITY,5,Westside Planning Area,2835402.453125,6800.43120200977
2253,1,2253,701202,7012.02,3RD SUP. DISTRICT,3RD DISTRICT: SHEILA KUEHL,3,SANTA MONICA,,INCORPORATED CITY,5,Westside Planning Area,590809.55859375,3366.42723265373
2254,1,2254,701302,7013.02,3RD SUP. DISTRICT,3RD DISTRICT: SHEILA KUEHL,3,SANTA MONICA,,INCORPORATED CITY,5,Westside Planning Area,665695.73046875,3655.30740329684
2255,1,2255,701304,7013.04,3RD SUP. DISTRICT,3RD DISTRICT: SHEILA KUEHL,3,SANTA MONICA,,INCORPORATED CITY,5,Westside Planning Area,3401824.68359375,8647.73891639654
2256,1,2256,701402,7014.02,3RD SUP. DISTRICT,3RD DISTRICT: SHEILA KUEHL,3,SANTA MONICA,,INCORPORATED CITY,5,Westside Planning Area,1566779.8984375,5561.76344516064
2257,1,2257,701501,7015.01,3RD SUP. DISTRICT,3RD DISTRICT: SHEILA KUEHL,3,SANTA MONICA,,INCORPORATED CITY,5,Westside Planning Area,901261.72265625,4554.31370630598
2258,1,2258,701502,7015.02,3RD SUP. DISTRICT,3RD DISTRICT: SHEILA KUEHL,3,SANTA MONICA,,INCORPORATED CITY,5,Westside Planning Area,890578.41796875,4555.63333202987
2259,1,2259,701601,7016.01,3RD SUP. DISTRICT,3RD DISTRICT: SHEILA KUEHL,3,SANTA MONICA,,INCORPORATED CITY,5,Westside Planning Area,1781499.421875,6007.68930749251
2260,1,2260,701602,7016.02,3RD SUP. DISTRICT,3RD DISTRICT: SHEILA KUEHL,3,SANTA MONICA,,INCORPORATED CITY,5,Westside Planning Area,964286.6484375,4835.19529612167
2261,1,2261,701701,7017.01,3RD SUP. DISTRICT,3RD DISTRICT: SHEILA KUEHL,3,SANTA MONICA,,INCORPORATED CITY,5,Westside Planning Area,958391.16796875,4832.13762051781
2262,1,2262,701702,7017.02,3RD SUP. DISTRICT,3RD DISTRICT: SHEILA KUEHL,3,SANTA MONICA,,INCORPORATED CITY,5,Westside Planning Area,885852.9609375,4538.7086053394
2263,1,2263,701801,7018.01,3RD SUP. DISTRICT,3RD DISTRICT: SHEILA KUEHL,3,SANTA MONICA,,INCORPORATED CITY,5,Westside Planning Area,2767039.57421875,7103.01001833058
2264,1,2264,701802,7018.02,3RD SUP. DISTRICT,3RD DISTRICT: SHEILA KUEHL,3,SANTA MONICA,,INCORPORATED CITY,5,Westside Planning Area,1822313.8828125,5631.4620789866
2265,1,2265,701902,7019.02,3RD SUP. DISTRICT,3RD DISTRICT: SHEILA KUEHL,3,SANTA MONICA,,INCORPORATED CITY,5,Westside Planning Area,3254234.16015625,7263.49871697388
2266,1,2266,702002,7020.02,3RD SUP. DISTRICT,3RD DISTRICT: SHEILA KUEHL,3,SANTA MONICA,,INCORPORATED CITY,5,Westside Planning Area,1848544.48046875,5730.45425390381
2267,1,2267,702102,7021.02,3RD SUP. DISTRICT,3RD DISTRICT: SHEILA KUEHL,3,SANTA MONICA,,INCORPORATED CITY,5,Westside Planning Area,1650378.4296875,5798.30977583354
2268,1,2268,702201,7022.01,3RD SUP. DISTRICT,3RD DISTRICT: SHEILA KUEHL,3,SANTA MONICA,,INCORPORATED CITY,5,Westside Planning Area,1756935.73046875,5605.38102034047
2269,1,2269,702202,7022.02,3RD SUP. DISTRICT,3RD DISTRICT: SHEILA KUEHL,3,SANTA MONICA,,INCORPORATED CITY,5,Westside Planning Area,1475980.23046875,5092.5590568453
2270,1,2270,702300,7023.00,3RD SUP. DISTRICT,3RD DISTRICT: SHEILA KUEHL,3,SANTA MONICA,,INCORPORATED CITY,5,Westside Planning Area,3782252.9609375,7779.87983435386
2284,1,2284,800101,8001.01,3RD SUP. DISTRICT,3RD DISTRICT: SHEILA KUEHL,3,CALABASAS,,INCORPORATED CITY,3,Santa Monica Mountains Planning Area,11846596.984375,20563.4357224737
2285,1,2285,800103,8001.03,3RD SUP. DISTRICT,3RD DISTRICT: SHEILA KUEHL,3,,SANTA MONICA MOUNTAINS NORTH AREA,UNINCORPORATED AREA,3,Santa Monica Mountains Planning Area,27023541.6757813,30625.5695588279
2286,1,2286,800104,8001.04,3RD SUP. DISTRICT,3RD DISTRICT: SHEILA KUEHL,3,,SANTA MONICA MOUNTAINS COASTAL ZONE,UNINCORPORATED AREA,4,Santa Monica Mountains Planning Area,50046602.8632813,56817.9510098008
2287,1,2287,800202,8002.02,3RD SUP. DISTRICT,3RD DISTRICT: SHEILA KUEHL,3,CALABASAS,,INCORPORATED CITY,4,Santa Monica Mountains Planning Area,40059550.0742188,32894.9370786207
2288,1,2288,800204,8002.04,3RD SUP. DISTRICT,3RD DISTRICT: SHEILA KUEHL,3,CALABASAS,,INCORPORATED CITY,3,Santa Monica Mountains Planning Area,11779985.6484375,21649.1882708436
2289,1,2289,800205,8002.05,3RD SUP. DISTRICT,3RD DISTRICT: SHEILA KUEHL,3,CALABASAS,,INCORPORATED CITY,4,Santa Monica Mountains Planning Area,1904346.2578125,6925.64700849406
2290,1,2290,800206,8002.06,3RD SUP. DISTRICT,3RD DISTRICT: SHEILA KUEHL,3,,SANTA MONICA MOUNTAINS NORTH AREA,UNINCORPORATED AREA,3,Santa Monica Mountains Planning Area,13568463.6601563,18283.6332459968
2291,1,2291,800324,8003.24,3RD SUP. DISTRICT,3RD DISTRICT: SHEILA KUEHL,3,AGOURA HILLS,,INCORPORATED CITY,4,Santa Monica Mountains Planning Area,5251418.5703125,11824.2375700273
2292,1,2292,800325,8003.25,3RD SUP. DISTRICT,3RD DISTRICT: SHEILA KUEHL,3,WESTLAKE VILLAGE,,INCORPORATED CITY,4,Santa Monica Mountains Planning Area,3381496.04296875,9257.72475363961
2293,1,2293,800328,8003.28,3RD SUP. DISTRICT,3RD DISTRICT: SHEILA KUEHL,3,,SANTA MONICA MOUNTAINS NORTH AREA,UNINCORPORATED AREA,4,Santa Monica Mountains Planning Area,14108867.09375,14665.4044354693
2294,1,2294,800333,8003.33,3RD SUP. DISTRICT,3RD DISTRICT: SHEILA KUEHL,3,AGOURA HILLS,,INCORPORATED CITY,4,Santa Monica Mountains Planning Area,1878871.58984375,6836.41410600049
2295,1,2295,800334,8003.34,3RD SUP. DISTRICT,3RD DISTRICT: SHEILA KUEHL,3,AGOURA HILLS,,INCORPORATED CITY,4,Santa Monica Mountains Planning Area,6941941.62890625,12344.3763743902
2296,1,2296,800335,8003.35,3RD SUP. DISTRICT,3RD DISTRICT: SHEILA KUEHL,3,,SANTA MONICA MOUNTAINS NORTH AREA,UNINCORPORATED AREA,4,Santa Monica Mountains Planning Area,103189362.660156,77674.0362325902
2297,1,2297,800336,8003.36,3RD SUP. DISTRICT,3RD DISTRICT: SHEILA KUEHL,3,,SANTA MONICA MOUNTAINS NORTH AREA,UNINCORPORATED AREA,4,Santa Monica Mountains Planning Area,28955404.8671875,29288.8848123088
2298,1,2298,800337,8003.37,3RD SUP. DISTRICT,3RD DISTRICT: SHEILA KUEHL,3,CALABASAS,,INCORPORATED CITY,4,Santa Monica Mountains Planning Area,4075246.5859375,11369.3339143146
2299,1,2299,800338,8003.38,3RD SUP. DISTRICT,3RD DISTRICT: SHEILA KUEHL,3,AGOURA HILLS,,INCORPORATED CITY,4,Santa Monica Mountains Planning Area,9307862.66015625,16018.6726660897
2300,1,2300,800406,8004.06,3RD SUP. DISTRICT,3RD DISTRICT: SHEILA KUEHL,3,,SANTA MONICA MOUNTAINS COASTAL ZONE,UNINCORPORATED AREA,4,Santa Monica Mountains Planning Area,138727541.65625,71706.8467657722
2301,1,2301,800410,8004.10,3RD SUP. DISTRICT,3RD DISTRICT: SHEILA KUEHL,3,,SANTA MONICA MOUNTAINS COASTAL ZONE,UNINCORPORATED AREA,4,Santa Monica Mountains Planning Area,56139643.7734375,47134.4532183058
2302,1,2302,800411,8004.11,3RD SUP. DISTRICT,3RD DISTRICT: SHEILA KUEHL,3,MALIBU,,INCORPORATED CITY,4,Santa Monica Mountains Planning Area,14930231.5859375,21168.50467268
2303,1,2303,800412,8004.12,3RD SUP. DISTRICT,3RD DISTRICT: SHEILA KUEHL,3,MALIBU,,INCORPORATED CITY,4,Santa Monica Mountains Planning Area,16326902.5273438,24333.9833366682
2304,1,2304,800504,8005.04,3RD SUP. DISTRICT,3RD DISTRICT: SHEILA KUEHL,3,,SANTA MONICA MOUNTAINS COASTAL ZONE,UNINCORPORATED AREA,4,Santa Monica Mountains Planning Area,36308465.65625,41950.675288956
2305,1,2305,800506,8005.06,3RD SUP. DISTRICT,3RD DISTRICT: SHEILA KUEHL,3,,SANTA MONICA MOUNTAINS COASTAL ZONE,UNINCORPORATED AREA,4,Santa Monica Mountains Planning Area,42846540.6367188,36820.9367469635
2467,1,2467,980008,9800.08,3RD SUP. DISTRICT,3RD DISTRICT: SHEILA KUEHL,3,LOS ANGELES,,INCORPORATED CITY,3,San Fernando Valley Planning Area,4938943.05078125,12490.8585011482
2476,1,2476,980017,9800.17,3RD SUP. DISTRICT,3RD DISTRICT: SHEILA KUEHL,3,,WEST LOS ANGELES (SAWTELLE VA),UNINCORPORATED AREA,5,Westside Planning Area,3497208.0703125,10971.8787127684
2478,1,2478,980019,9800.19,3RD SUP. DISTRICT,3RD DISTRICT: SHEILA KUEHL,3,LOS ANGELES,,INCORPORATED CITY,3,Westside Planning Area,64670248.6484375,57421.2993002994
2481,1,2481,980022,9800.22,3RD SUP. DISTRICT,3RD DISTRICT: SHEILA KUEHL,3,LOS ANGELES,,INCORPORATED CITY,3,San Fernando Valley Planning Area,9477491.16015625,15389.2506643834
2482,1,2482,980023,9800.23,3RD SUP. DISTRICT,3RD DISTRICT: SHEILA KUEHL,3,LOS ANGELES,,INCORPORATED CITY,3,San Fernando Valley Planning Area,7655801.53125,14696.7024842675
2483,1,2483,980024,9800.24,3RD SUP. DISTRICT,3RD DISTRICT: SHEILA KUEHL,3,LOS ANGELES,,INCORPORATED CITY,3,San Fernando Valley Planning Area,12137988.8007813,17050.6761784496
